instability_lp:0.0000003827152595,Pred:1,_px0:21.8356421582054558,_py0:21.8342605813053723,_pz0:19.9940727158887661,_px1:22.0886997526179520,_py1:21.5462454930256371,_pz1:20.0935243948332634,_px2:22.1148788220970332,_py2:21.4439705964941396,_pz2:19.9286141181497882,_cx0:19.9923347571363372,_cy0:19.9398304113372369,_cz0:20.0087764382868905
instability_lp:0.0000009759571626,Pred:0,_px0:21.7394533937934078,_py0:21.7797418330189494,_pz0:20.0425849041634159,_px1:22.0818865697467182,_py1:21.4455234650361923,_pz1:19.9355962148101966,_px2:22.0211567116254727,_py2:21.5494755206953172,_pz2:19.9240366589389915,_cx0:19.9989900893061368,_cy0:19.9852954861173835,_cz0:20.0700080470042366
instability_lp:0.0000003154789048,Pred:0,_px0:21.8174742798821413,_py0:21.7978139974585794,_pz0:19.9885800622816099,_px1:21.9999330673552720,_py1:21.3798795358742950,_pz1:20.0480385129098053,_px2:21.9896987278152700,_py2:21.5522671246306388,_pz2:19.9935623229916963,_cx0:20.0869439828148799,_cy0:19.9942358627422863,_cz0:19.9398567855543725
instability_lp:0.0000010603251388,Pred:1,_px0:21.7079684110348872,_py0:21.7977288498020414,_pz0:20.0961483131144902,_px1:22.0223014548711014,_py1:21.4393882699121683,_pz1:20.0665674285807505,_px2:22.0278881300556897,_py2:21.5577853682813192,_pz2:19.9522174082008270,_cx0:19.9340660742642655,_cy0:19.9198982491250582,_cz0:20.0756929193510203
instability_lp:0.0000002072118175,Pred:1,_px0:21.8018451229165535,_py0:21.8552272886714114,_pz0:20.0937545178429033,_px1:22.0478146064504124,_py1:21.5593949792345043,_pz1:19.9363593421114409,_px2:22.0465163636424180,_py2:21.4933911761331338,_pz2:20.0432539263475960,_cx0:19.9314854808298314,_cy0:20.0703618592444641,_cz0:19.9671303346134401
instability_lp:0.0000008365797006,Pred:0,_px0:21.6844088973358282,_py0:21.7742622326427409,_pz0:19.9495551672063556,_px1:21.9851242777077118,_py1:21.5252553560050472,_pz1:20.0912851433229100,_px2:22.1080474531036089,_py2:21.4442252307963699,_pz2:19.9437263861502174,_cx0:19.9163258302101518,_cy0:20.0074706640594968,_cz0:19.9012640654115280
instability_lp:0.0000005211071592,Pred:2,_px0:21.8591960463436301,_py0:21.7782995853891137,_pz0:19.9076216004824360,_px1:22.0163290128374136,_py1:21.5321114705186858,_pz1:20.0698450451576385,_px2:22.1053129031999553,_py2:21.4849762375489703,_pz2:20.0578216286179725,_cx0:20.0311984919622539,_cy0:19.9891982598645619,_cz0:19.9787652324320568
instability_lp:0.0000003014094512,Pred:2,_px0:21.7250185817550019,_py0:21.7677158858895829,_pz0:19.9737227418803229,_px1:22.0418072285511570,_py1:21.4171780436938519,_pz1:19.9428031275248152,_px2:22.0652915956942799,_py2:21.3787002868478666,_pz2:19.9376362339768711,_cx0:19.9113119911455136,_cy0:20.0775924854807535,_cz0:20.0348466474259510
instability_lp:0.0000002384185791,Pred:1,_px0:21.7396677490461911,_py0:21.8110220767096727,_pz0:19.9887247398908841,_px1:22.0840826213006309,_py1:21.4335103953040722,_pz1:19.9117838787901142,_px2:21.9936360094852894,_py2:21.4620634892871891,_pz2:19.9951632477786205,_cx0:19.9966872274394554,_cy0:20.0636218887584405,_cz0:20.0390015632561429
instability_lp:0.0000001943674341,Pred:1,_px0:21.7341686199531736,_py0:21.8442029839075182,_pz0:19.9253463588773023,_px1:22.0913429278560649,_py1:21.4457950593744400,_pz1:20.0971842528307754,_px2:22.0014873129508857,_py2:21.5502949606954601,_pz2:19.9554637197663354,_cx0:19.9998151444363472,_cy0:19.9088024290319545,_cz0:19.9799355347081722
instability_lp:0.0000005467160484,Pred:0,_px0:21.7418645505010453,_py0:21.7880714088110601,_pz0:20.0797774889412253,_px1:22.0969070230316866,_py1:21.3755548908820145,_pz1:19.9594313182213483,_px2:21.9365803148488396,_py2:21.4330294194412545,_pz2:20.0515009481234010,_cx0:19.9214714903484413,_cy0:20.0754207011197785,_cz0:20.0250621426501603
instability_lp:0.0000004404054987,Pred:0,_px0:21.8022630481479069,_py0:21.7801391639141997,_pz0:19.9783367961078575,_px1:21.9382704320262505,_py1:21.5075878311077098,_pz1:20.0701028858172279,_px2:22.0863780183374772,_py2:21.4359210354070733,_pz2:19.9355701578015321,_cx0:20.0035288775821805,_cy0:20.0478085983301568,_cz0:20.0948664538538395
instability_lp:0.0000006801356545,Pred:0,_px0:21.7076720130618988,_py0:21.7653650396761300,_pz0:20.0307295230826057,_px1:22.0741449233676050,_py1:21.5075850455218855,_pz1:20.0601138997637278,_px2:21.9201289113425304,_py2:21.5260573720773962,_pz2:19.9325575276429561,_cx0:19.9894817720584008,_cy0:19.9527385976411118,_cz0:19.9202570485045456
instability_lp:0.0000005494942519,Pred:2,_px0:21.7329120464729648,_py0:21.7840786173353322,_pz0:19.9642822906674269,_px1:22.0194590207466199,_py1:21.4667726124575253,_pz1:20.0002043888439438,_px2:22.0760678905602852,_py2:21.4017168033503538,_pz2:19.9788657129178127,_cx0:20.0437343748024368,_cy0:19.9259728619949747,_cz0:20.0757831172904879
instability_lp:0.0000000085893421,Pred:0,_px0:21.7376728859858908,_py0:21.8111420094506556,_pz0:19.9965137750359787,_px1:22.0571732412544890,_py1:21.4208712082080872,_pz1:20.0348540866444154,_px2:22.0485108056517838,_py2:21.5583029752961863,_pz2:19.9168656701300577,_cx0:19.9996808597350864,_cy0:20.0156241043077898,_cz0:20.0706928438370547
instability_lp:0.0000000340898940,Pred:1,_px0:21.8508399321422182,_py0:21.8242814859907526,_pz0:20.0634276055560576,_px1:22.0796132448686357,_py1:21.5575293794635385,_pz1:20.0258881969963625,_px2:22.1171607251079578,_py2:21.4638466176501694,_pz2:19.9267036411104250,_cx0:19.9257204329714739,_cy0:19.9275597311684649,_cz0:20.0809301149011290
instability_lp:0.0000000558685702,Pred:0,_px0:21.8524458996683570,_py0:21.7380968745928698,_pz0:19.9473072004724798,_px1:22.0912270132131994,_py1:21.4657626262799681,_pz1:19.9450496791140388,_px2:22.0973760680935243,_py2:21.4973438168025339,_pz2:20.0232725944012735,_cx0:20.0919531357437151,_cy0:19.9654007045856687,_cz0:20.0379455232703805
instability_lp:0.0000000093923234,Pred:2,_px0:21.8155047085627487,_py0:21.7193967129147580,_pz0:20.0733956964562630,_px1:21.9243514199575174,_py1:21.4413368116884193,_pz1:19.9197522219362426,_px2:22.0493008753700650,_py2:21.4777240250249051,_pz2:19.9824731960345403,_cx0:20.0318594279381728,_cy0:20.0025475663610486,_cz0:19.9209547767513193
instability_lp:0.0000004342072932,Pred:2,_px0:21.6891326557747703,_py0:21.7767988295605406,_pz0:19.9444800369648618,_px1:21.9552346166201069,_py1:21.5504287259049860,_pz1:20.0838983250706917,_px2:21.9978397593078370,_py2:21.4906817727771973,_pz2:19.9855513587992419,_cx0:19.9113587255642557,_cy0:20.0096923360180554,_cz0:20.0568467422187560
instability_lp:0.0000005810624355,Pred:1,_px0:21.7400178087083695,_py0:21.8500996785890784,_pz0:20.0968447241917474,_px1:22.0672520299941546,_py1:21.5516745863816155,_pz1:20.0461643636907283,_px2:22.1164213697223104,_py2:21.4017910292939249,_pz2:19.9767046437024618,_cx0:20.0632984828033010,_cy0:20.0583962182320654,_cz0:19.9806227239224228
instability_lp:0.0000003202872403,Pred:1,_px0:21.7189802045044402,_py0:21.7637755544175278,_pz0:19.9356273058036457,_px1:21.9453413772328467,_py1:21.5468617962984688,_pz1:20.0012970073620302,_px2:22.0403813973443512,_py2:21.4323303148859807,_pz2:19.9610783798904521,_cx0:20.0542042010250512,_cy0:19.9119154524113569,_cz0:20.0247660989522771
instability_lp:0.0000003577261070,Pred:0,_px0:21.7641648239708339,_py0:21.8077494068526434,_pz0:20.0731024579019781,_px1:22.0398871792852340,_py1:21.4945163102888124,_pz1:20.0660702976240195,_px2:21.9403405900953032,_py2:21.3957376157472545,_pz2:20.0582471599607963,_cx0:20.0874227340274594,_cy0:19.9543527378953769,_cz0:20.0142779003429574
instability_lp:0.0000002563874486,Pred:1,_px0:21.6849104687454677,_py0:21.7783897735496943,_pz0:19.9691142769852235,_px1:21.9674721524154144,_py1:21.5159897597674252,_pz1:19.9382901546723623,_px2:22.0592557473570352,_py2:21.4876312624698649,_pz2:19.9274571028665903,_cx0:20.0055786584064279,_cy0:19.9668923518931933,_cz0:19.9026150187489641
instability_lp:0.0000002679014597,Pred:2,_px0:21.8656798902692664,_py0:21.7884709772087959,_pz0:20.0573187881881942,_px1:22.0913209975377285,_py1:21.4150790558825612,_pz1:20.0762146698200219,_px2:22.0978704374925563,_py2:21.5152078746981985,_pz2:20.0879560681003895,_cx0:20.0770464423937014,_cy0:20.0344172431781971,_cz0:20.0839528963826375
instability_lp:0.0000006499119367,Pred:1,_px0:21.8599771353183208,_py0:21.6887226073903570,_pz0:20.0933903492956389,_px1:21.9939116263920020,_py1:21.5302670273232621,_pz1:19.9578141287238395,_px2:22.1195813402345323,_py2:21.5586966210411397,_pz2:20.0602199356817756,_cx0:19.9906510034066862,_cy0:20.0032625349719382,_cz0:19.9891866126513058
instability_lp:0.0000004768371582,Pred:1,_px0:21.7991269645696164,_py0:21.8173275454469611,_pz0:20.0973735399532032,_px1:22.1047625820826568,_py1:21.4897821833425127,_pz1:20.0482529774067260,_px2:22.1061318911361191,_py2:21.4531139558987292,_pz2:20.0211385875573100,_cx0:20.0755350168680486,_cy0:20.0298830492095483,_cz0:20.0177856403020158
instability_lp:0.0000000000000000,Pred:2,_px0:21.6841826567306093,_py0:21.8063576775120360,_pz0:20.0006127580537516,_px1:21.9673201337490767,_py1:21.4931609830880355,_pz1:19.9563650277705698,_px2:22.0472636850025800,_py2:21.3975269996177069,_pz2:20.0273160280321321,_cx0:19.9295118313420154,_cy0:20.0689586785477410,_cz0:20.0217913922489572
instability_lp:0.0000006306878158,Pred:2,_px0:21.8044312129236921,_py0:21.7631423336701211,_pz0:19.9933117654609092,_px1:21.9577742181707976,_py1:21.3647257397345847,_pz1:19.9361438539047455,_px2:22.0871037380430408,_py2:21.3861298578354209,_pz2:20.0378748999619276,_cx0:19.9036039141023551,_cy0:20.0387443626945583,_cz0:20.0084193644618722
instability_lp:0.0000001304669812,Pred:1,_px0:21.6792567772647615,_py0:21.8697149523346290,_pz0:20.0834063397643199,_px1:22.0790513293440682,_py1:21.4098441905946686,_pz1:19.9845513506254875,_px2:22.0710894961427400,_py2:21.4158551075197074,_pz2:19.9134878397050699,_cx0:19.9759815863687464,_cy0:19.9876666665485452,_cz0:20.0075305127108152
instability_lp:0.0000006376607748,Pred:1,_px0:21.7240188320232619,_py0:21.8522511998853908,_pz0:20.0478214953783080,_px1:22.0356378289291825,_py1:21.5382464178177777,_pz1:19.9113621739723534,_px2:22.0373884227487196,_py2:21.4023053812432593,_pz2:20.0866094461579863,_cx0:20.0782486552271315,_cy0:19.9083326830567451,_cz0:19.9698476035473149
instability_lp:0.0000002384185791,Pred:1,_px0:21.7622361207624131,_py0:21.6977769198770503,_pz0:20.0476004493178799,_px1:21.9577216549765879,_py1:21.5289015181590351,_pz1:19.9605101180544615,_px2:21.9283952656986152,_py2:21.4732288455559086,_pz2:20.0730176830538625,_cx0:19.9121260611396842,_cy0:20.0918664853050686,_cz0:19.9388615255425030
instability_lp:0.0000006021435945,Pred:0,_px0:21.6981964145732071,_py0:21.7849900803877929,_pz0:19.9785851315961160,_px1:22.0044606847895601,_py1:21.5392509047217935,_pz1:19.9360283866692463,_px2:22.0965514513368504,_py2:21.3720391243193468,_pz2:19.9549480702983892,_cx0:20.0286388951952752,_cy0:19.9245170282314135,_cz0:19.9437141817266657
instability_lp:0.0000000000000000,Pred:2,_px0:21.8107046760156322,_py0:21.6735986096614930,_pz0:19.9006143434907372,_px1:21.9880326639060080,_py1:21.4971450825301673,_pz1:20.0459458018401406,_px2:22.0852873108001830,_py2:21.4273800316953000,_pz2:19.9385681880817600,_cx0:20.0048029480990053,_cy0:20.0445565369653309,_cz0:20.0354376357679449
instability_lp:0.0000010370942851,Pred:1,_px0:21.7903746788764252,_py0:21.7010791202965549,_pz0:19.9373017151082408,_px1:22.0435209694707410,_py1:21.3885622755198561,_pz1:20.0130654538576813,_px2:22.0646472343730977,_py2:21.4488102128583975,_pz2:19.9926808476879643,_cx0:19.9681325264592324,_cy0:19.9639897715598309,_cz0:19.9698559314337807
instability_lp:0.0000003114604024,Pred:1,_px0:21.7979249789788980,_py0:21.7342168144063166,_pz0:19.9300629832921850,_px1:22.0392862415310411,_py1:21.4263195352378872,_pz1:19.9913069846533737,_px2:21.9651128959865822,_py2:21.4451745782816658,_pz2:20.0909746041479416,_cx0:19.9340394593002443,_cy0:20.0796809466461106,_cz0:19.9241980267801289
instability_lp:0.0000001738001556,Pred:0,_px0:21.6969829764156508,_py0:21.8560936202044118,_pz0:20.0424143662408056,_px1:22.0607525147035481,_py1:21.3729768138811806,_pz1:20.0822548516943371,_px2:22.0713529667404273,_py2:21.5177959393885914,_pz2:19.9336148326441709,_cx0:20.0308682617409488,_cy0:19.9937378272850701,_cz0:19.9669712027846700
instability_lp:0.0000000148602251,Pred:1,_px0:21.7466637937522798,_py0:21.8552499982273432,_pz0:20.0378623135098550,_px1:22.0639023297018859,_py1:21.4777781187546353,_pz1:20.0071518669403865,_px2:22.1098947313380876,_py2:21.3927799924801931,_pz2:19.9175853740505779,_cx0:19.9794777286609069,_cy0:20.0474895504990087,_cz0:20.0066743436766217
instability_lp:0.0000001890130426,Pred:1,_px0:21.7555945791516407,_py0:21.7848761556087425,_pz0:19.9953082647618423,_px1:22.0108788001587961,_py1:21.4772996049361780,_pz1:20.0923675908671555,_px2:22.1198038213699135,_py2:21.4934163479196911,_pz2:19.9314448165853690,_cx0:19.9021584852608662,_cy0:19.9752476035967703,_cz0:20.0226603537437775
instability_lp:0.0000010586273138,Pred:2,_px0:21.8518014914085157,_py0:21.6881246564807952,_pz0:19.9422022705162867,_px1:22.0026824543451340,_py1:21.4279622037652722,_pz1:20.0359209850132096,_px2:22.0691806065427052,_py2:21.4015248695022997,_pz2:20.0210321325441036,_cx0:19.9545281563208086,_cy0:20.0238871686737454,_cz0:19.9877901853471016
instability_lp:0.0000002582514602,Pred:1,_px0:21.7387393105908941,_py0:21.8664848457819261,_pz0:19.9703960407853103,_px1:22.0741537608737843,_py1:21.5166782490148591,_pz1:19.9752605568036721,_px2:22.0660994997742108,_py2:21.4664212264988663,_pz2:19.9439998368937523,_cx0:20.0493938382479335,_cy0:19.9053987945455120,_cz0:19.9947021756762169
instability_lp:0.0000003361997694,Pred:2,_px0:21.6701477045007707,_py0:21.8267152769103241,_pz0:19.9230543525996850,_px1:22.0092217102876013,_py1:21.4274795281456214,_pz1:19.9370427257553864,_px2:21.9593124224801137,_py2:21.4977142353624657,_pz2:20.0877941613028739,_cx0:19.9011711834004004,_cy0:19.9506382991795590,_cz0:19.9563976336533173
instability_lp:0.0000006147076679,Pred:1,_px0:21.8048383803548482,_py0:21.7784956072776090,_pz0:20.0598058243094997,_px1:22.0639887975081734,_py1:21.5049855250050257,_pz1:19.9101292719180343,_px2:21.9483588218634758,_py2:21.3707861629737472,_pz2:19.9390828797775690,_cx0:20.0905523936220227,_cy0:19.9195795376876248,_cz0:19.9359988620672368
instability_lp:0.0000003167825522,Pred:0,_px0:21.7487419818708396,_py0:21.7831332233143655,_pz0:20.0854823057472167,_px1:21.9632205040209065,_py1:21.4236019113769771,_pz1:19.9883072661647141,_px2:22.1198815938829831,_py2:21.4262299654754962,_pz2:20.0571343593099805,_cx0:20.0922762066089930,_cy0:19.9110844515315648,_cz0:20.0459855107339031
instability_lp:0.0000000936379694,Pred:1,_px0:21.8501816712972641,_py0:21.6803591246578620,_pz0:19.9927425318829464,_px1:22.0543181355550502,_py1:21.4460522529511017,_pz1:20.0214809719107478,_px2:21.9553359180667123,_py2:21.3640489027295502,_pz2:20.0225365339417642,_cx0:20.0088819422334829,_cy0:20.0094602169047384,_cz0:19.9725418526085754
instability_lp:0.0000000286953665,Pred:2,_px0:21.8513162151637097,_py0:21.7102069649846321,_pz0:19.9821765758479835,_px1:21.9658334277597405,_py1:21.5568368501387724,_pz1:19.9474647494254000,_px2:22.1052961067041842,_py2:21.4607550421640063,_pz2:20.0150369746214878,_cx0:20.0783792255345652,_cy0:19.9974340808100237,_cz0:19.9977162400715578
instability_lp:0.0000006058531223,Pred:1,_px0:21.8060305891074400,_py0:21.7934674955361842,_pz0:19.9391920771632307,_px1:22.0421439441303448,_py1:21.5487428600288666,_pz1:19.9985453995403581,_px2:21.9268068306924775,_py2:21.5490992253968052,_pz2:19.9980570485340685,_cx0:20.0910773110534429,_cy0:19.9011164067318269,_cz0:19.9735213758766292
instability_lp:0.0000001344822080,Pred:0,_px0:21.8102286639158756,_py0:21.7186981713439771,_pz0:20.0538720675529341,_px1:21.9581261474630445,_py1:21.4761596026812498,_pz1:20.0998061311430334,_px2:22.1095223018664520,_py2:21.5338785234158294,_pz2:20.0670860946956502,_cx0:19.9469114696825436,_cy0:20.0553435903765944,_cz0:19.9475721064245199
instability_lp:0.0000003791410310,Pred:0,_px0:21.7699619095120411,_py0:21.6726751505223447,_pz0:19.9200072027836015,_px1:22.1102174544475147,_py1:21.3613032820081798,_pz1:19.9074903488194046,_px2:22.0717367900124444,_py2:21.4748154601989398,_pz2:20.0518556515462016,_cx0:19.9780713820262221,_cy0:19.9350037893443393,_cz0:20.0600870383717549
instability_lp:0.0000007107348692,Pred:1,_px0:21.7649467609147287,_py0:21.8358024950725031,_pz0:19.9981870754147835,_px1:22.0099751505302130,_py1:21.5465999724653585,_pz1:20.0288652731705774,_px2:22.0352090594708976,_py2:21.3949501346400695,_pz2:20.0942905645790937,_cx0:19.9527449411585671,_cy0:20.0386109003511308,_cz0:19.9123293195908531
instability_lp:0.0000004951944828,Pred:0,_px0:21.7371509057596093,_py0:21.7043739740710571,_pz0:20.0773522172017742,_px1:22.0719751296155025,_py1:21.4346336363603527,_pz1:20.0298096447856224,_px2:22.0824359272245481,_py2:21.3731963803494338,_pz2:19.9166484327133020,_cx0:19.9397567064686463,_cy0:19.9675186675356322,_cz0:20.0253367514933167
instability_lp:0.0000005799383711,Pred:2,_px0:21.6709940117602180,_py0:21.8020276654940233,_pz0:20.0104228456087512,_px1:22.0971189037603892,_py1:21.3899704259401062,_pz1:19.9734643377705758,_px2:22.0177304648131731,_py2:21.5024262734793261,_pz2:19.9357023675160967,_cx0:19.9312881518301026,_cy0:19.9445705981201336,_cz0:19.9656827765822804
instability_lp:0.0000003105196971,Pred:2,_px0:21.7036618629440952,_py0:21.6767130618759936,_pz0:19.9226514809870388,_px1:22.0366102517939204,_py1:21.4460127067593938,_pz1:19.9838368245790896,_px2:21.9634076922216472,_py2:21.5403812936788341,_pz2:20.0791117988429555,_cx0:19.9546584068120723,_cy0:19.9927320317797061,_cz0:19.9471045406754612
instability_lp:0.0000002012742426,Pred:2,_px0:21.7219575300868399,_py0:21.8017016669231012,_pz0:19.9049226420023118,_px1:22.0338367629208776,_py1:21.4876094661688484,_pz1:19.9738143832766504,_px2:22.0565814779589786,_py2:21.4511359179258072,_pz2:19.9203334649188122,_cx0:19.9341549930321769,_cy0:20.0543391821693362,_cz0:20.0138367268786936
instability_lp:0.0000003883860638,Pred:0,_px0:21.8293789486025354,_py0:21.7636036951344458,_pz0:20.0169042869084066,_px1:21.9748370551573267,_py1:21.4229428074056933,_pz1:19.9348416542796620,_px2:21.9735407874982513,_py2:21.3624363581102514,_pz2:20.0876299405412908,_cx0:19.9833053780176222,_cy0:20.0805257676078597,_cz0:19.9206496988519319
instability_lp:0.0000003668830040,Pred:2,_px0:21.7874480354960305,_py0:21.7635744661342230,_pz0:20.0031105170506578,_px1:22.0019237033286714,_py1:21.4980916353958165,_pz1:19.9676139775047155,_px2:22.0547586854057194,_py2:21.4534202099654010,_pz2:20.0347557022863789,_cx0:19.9916710654700509,_cy0:19.9464556294709681,_cz0:20.0565325893259292
instability_lp:0.0000000000000000,Pred:0,_px0:21.8097264922688368,_py0:21.8620222858861197,_pz0:20.0798625859338173,_px1:22.0854562298047625,_py1:21.4426022016269187,_pz1:20.0876712233702079,_px2:21.9283301544228237,_py2:21.4360615324024408,_pz2:20.0882358345148333,_cx0:20.0636426846327467,_cy0:20.0749996990780346,_cz0:19.9918983511123329
instability_lp:0.0000003867506617,Pred:1,_px0:21.8434475760597024,_py0:21.7130473994664115,_pz0:19.9850024649337890,_px1:22.0787825444335049,_py1:21.4272935921080858,_pz1:19.9994970035271251,_px2:21.9384000010687856,_py2:21.3972559025125832,_pz2:19.9992259324059027,_cx0:19.9903975069012496,_cy0:19.9422307232591471,_cz0:19.9543439622290180
instability_lp:0.0000003915406070,Pred:1,_px0:21.8582318183724915,_py0:21.7479316072715108,_pz0:20.0516876023969104,_px1:22.0970742932227786,_py1:21.4628985165538744,_pz1:19.9874977611412739,_px2:21.9717702963444239,_py2:21.4292507269183403,_pz2:19.9691437011906601,_cx0:20.0169513401188652,_cy0:19.9446289392395997,_cz0:20.0818366301161433
instability_lp:0.0000007749972393,Pred:1,_px0:21.7103638685310081,_py0:21.7166760597409088,_pz0:20.0384676069666021,_px1:21.9410254409448342,_py1:21.5197796716540033,_pz1:20.0930395794999974,_px2:22.0942536420814015,_py2:21.4081880494617813,_pz2:19.9855559502195348,_cx0:20.0034687466469911,_cy0:19.9426300175686499,_cz0:20.0009825339079761
instability_lp:0.0000001442345292,Pred:2,_px0:21.7144566974623388,_py0:21.8612597039673773,_pz0:20.0793691322111378,_px1:22.1048595235426255,_py1:21.4447726556867231,_pz1:19.9730580108580433,_px2:22.0952169245738617,_py2:21.4594523410217164,_pz2:19.9860619719540971,_cx0:20.0076989274042205,_cy0:20.0659482280565200,_cz0:19.9925890949054583
instability_lp:0.0000003842879028,Pred:0,_px0:21.7666325754749721,_py0:21.7304733493460667,_pz0:19.9034376095996386,_px1:22.0550475649046938,_py1:21.5084123790396440,_pz1:19.9332277283227199,_px2:22.1105451920770797,_py2:21.4908014840496726,_pz2:20.0530785170165267,_cx0:20.0295043307959588,_cy0:19.9330417089318104,_cz0:19.9438102953339964
instability_lp:0.0000002384185791,Pred:2,_px0:21.7751921410975946,_py0:21.8394841480671822,_pz0:20.0076900450082924,_px1:21.9537918418616940,_py1:21.4602371880692608,_pz1:20.0737620151479561,_px2:22.0417348165445652,_py2:21.5517654492854014,_pz2:19.9742593900646348,_cx0:20.0672539131563425,_cy0:20.0192765345421044,_cz0:20.0281112330630933
instability_lp:0.0000000806751448,Pred:2,_px0:21.6793296389138916,_py0:21.8237582048930960,_pz0:20.0598186447098001,_px1:21.9582353601223943,_py1:21.5063822624396472,_pz1:20.0384715184282847,_px2:22.0713690814149430,_py2:21.5284535547944067,_pz2:19.9861298825992861,_cx0:20.0322370621060202,_cy0:20.0830466711814744,_cz0:20.0384782864425688
instability_lp:0.0000000233538007,Pred:2,_px0:21.8614576833096628,_py0:21.6866725892651218,_pz0:20.0315353263782043,_px1:22.1102975415765783,_py1:21.4193224440046244,_pz1:20.0541943426030684,_px2:22.0779256500852874,_py2:21.4669798734537238,_pz2:20.0724142636044043,_cx0:19.9715618569737110,_cy0:20.0146811529596711,_cz0:20.0242955955324220
instability_lp:0.0000000383732837,Pred:1,_px0:21.7543346459252440,_py0:21.8034238594087881,_pz0:19.9404676788674990,_px1:22.1073951909073614,_py1:21.5430338832843304,_pz1:20.0160950182546387,_px2:22.0932753003822988,_py2:21.3605861542190354,_pz2:20.0239631207305777,_cx0:20.0707862111603781,_cy0:20.0932456631181999,_cz0:20.0344896917857653
instability_lp:0.0000010543630276,Pred:1,_px0:21.7611881467752113,_py0:21.8150410657306395,_pz0:19.9842007151265619,_px1:22.0631781938034948,_py1:21.4512438853137404,_pz1:19.9266469308299214,_px2:22.0261556376079817,_py2:21.5551904744818792,_pz2:20.0519311236925120,_cx0:19.9505296145801090,_cy0:19.9842080678251612,_cz0:20.0557803102563064
instability_lp:0.0000003004127986,Pred:1,_px0:21.8065682097787814,_py0:21.6862429598235700,_pz0:20.0963015742582769,_px1:22.1173369740868644,_py1:21.5303432218033564,_pz1:20.0329975011446493,_px2:21.9683178656773244,_py2:21.4238866698666897,_pz2:20.0484426654635186,_cx0:20.0801962336433100,_cy0:20.0848398513090061,_cz0:19.9301353912940868
instability_lp:0.0000000721403230,Pred:1,_px0:21.7576994185558057,_py0:21.7689252510009901,_pz0:19.9887803090218377,_px1:21.9691279229750513,_py1:21.5457481571779361,_pz1:19.9104309882085886,_px2:21.9214804347425130,_py2:21.5089632448875179,_pz2:20.0162610949558477,_cx0:20.0332303085053489,_cy0:19.9692477377454054,_cz0:20.0406138412377857
instability_lp:0.0000002522383520,Pred:2,_px0:21.7230005654566902,_py0:21.7766645327520862,_pz0:20.0122976169513080,_px1:22.0376956432488242,_py1:21.4113737884589348,_pz1:20.0227146596287930,_px2:22.0198729180078345,_py2:21.4416203568510824,_pz2:19.9731439609421138,_cx0:19.9411032590275177,_cy0:19.9040953625012627,_cz0:19.9026971653116362
instability_lp:0.0000002739703064,Pred:2,_px0:21.8578096532019828,_py0:21.7883691135227551,_pz0:20.0019854842228746,_px1:22.0897826038905336,_py1:21.3831938727308035,_pz1:20.0268268207678695,_px2:22.1009104077429086,_py2:21.4996899684982807,_pz2:19.9182235390964060,_cx0:20.0815218459728762,_cy0:20.0140798189277191,_cz0:20.0674867864546798
instability_lp:0.0000000898120547,Pred:1,_px0:21.8049866570602120,_py0:21.7103536384181837,_pz0:19.9068118575992088,_px1:21.9991217642273398,_py1:21.4830971025876245,_pz1:20.0909600917207847,_px2:22.0378044537630871,_py2:21.4065394777462537,_pz2:19.9632869066033898,_cx0:20.0228356985015949,_cy0:19.9536870555270873,_cz0:19.9525417801237381
instability_lp:0.0000002384185791,Pred:0,_px0:21.8494430864879128,_py0:21.7229854445964961,_pz0:20.0365447626153674,_px1:22.0765482463485334,_py1:21.3760139054134548,_pz1:20.0290334129375580,_px2:22.0664221752930523,_py2:21.4591471960671001,_pz2:19.9669417849122262,_cx0:20.0588244894327730,_cy0:19.9811560823960015,_cz0:19.9379955484708731
instability_lp:0.0000002777354497,Pred:0,_px0:21.6738314721564898,_py0:21.8602746290854526,_pz0:20.0928087520379641,_px1:22.0866874669337143,_py1:21.5436564642301107,_pz1:19.9830351307443514,_px2:22.0257991320759992,_py2:21.4269605493857362,_pz2:20.0090088979848701,_cx0:19.9402567649447597,_cy0:20.0671842166069823,_cz0:19.9209327911124241
instability_lp:0.0000001119729163,Pred:2,_px0:21.7869963166662473,_py0:21.8483020713265539,_pz0:19.9301578969835091,_px1:22.0106015357424489,_py1:21.4812113911850453,_pz1:20.0264996809542630,_px2:22.0704015224754819,_py2:21.5446761039386878,_pz2:19.9673537495859676,_cx0:20.0975506056088733,_cy0:20.0091760459864396,_cz0:19.9773513281146755
instability_lp:0.0000007093058478,Pred:1,_px0:21.6961766108806131,_py0:21.7739741729870317,_pz0:20.0121605631486332,_px1:21.9548237706510463,_py1:21.4938536846143471,_pz1:19.9764616335166885,_px2:22.0999830564204522,_py2:21.3787980635179196,_pz2:20.0361480262764502,_cx0:19.9476846060006352,_cy0:19.9075116273050696,_cz0:19.9114666339994706
instability_lp:0.0000011586364783,Pred:2,_px0:21.7869220492788216,_py0:21.8141093361676255,_pz0:20.0579845776585799,_px1:22.0110204491070576,_py1:21.3602101743594801,_pz1:20.0865277268861107,_px2:22.0837124094943107,_py2:21.4561984814592641,_pz2:20.0399193905945481,_cx0:19.9231215190250062,_cy0:19.9632255495820310,_cz0:19.9657015203804242
instability_lp:0.0000004409407888,Pred:1,_px0:21.7124239189561550,_py0:21.7972898684848531,_pz0:19.9965282453673545,_px1:22.0425404632848405,_py1:21.4161917095706755,_pz1:20.0944146824043344,_px2:21.9472014804311080,_py2:21.5357283328919351,_pz2:20.0971419927650814,_cx0:19.9513974521548469,_cy0:20.0461267999122512,_cz0:20.0875255798862895
instability_lp:0.0000004258664488,Pred:1,_px0:21.6756426337946380,_py0:21.8646012853619673,_pz0:19.9370119963013614,_px1:22.0480614677481626,_py1:21.4466872824200827,_pz1:19.9693823475713756,_px2:21.9508309760088238,_py2:21.4113928961248092,_pz2:19.9737992545933452,_cx0:19.9914111728274300,_cy0:19.9898241016500755,_cz0:19.9861286005406313
instability_lp:0.0000002675549267,Pred:1,_px0:21.7134144848228487,_py0:21.6778683054111276,_pz0:20.0995872644705642,_px1:21.9658517941859763,_py1:21.3712642115965785,_pz1:19.9021966595212909,_px2:21.9520218365788544,_py2:21.4948541307891041,_pz2:19.9994015031957062,_cx0:19.9026719785307868,_cy0:19.9293243832091456,_cz0:19.9997273833023961
instability_lp:0.0000004325532954,Pred:2,_px0:21.7722509076177388,_py0:21.7341024979129891,_pz0:19.9779210904044646,_px1:22.0674315366462963,_py1:21.3903154009535506,_pz1:20.0869612699313862,_px2:22.0174839180230535,_py2:21.4689179417625624,_pz2:20.0936077143967218,_cx0:19.9012177545582958,_cy0:20.0719654547851398,_cz0:20.0548370315483027
instability_lp:0.0000002674318194,Pred:2,_px0:21.7564034600958252,_py0:21.8074053870036302,_pz0:20.0835346902643970,_px1:21.9918734688460233,_py1:21.4653533126159353,_pz1:19.9298050040517936,_px2:22.0268570416918301,_py2:21.5006914432256906,_pz2:19.9560904939920114,_cx0:19.9317563319726645,_cy0:19.9521227065716502,_cz0:19.9416868542515147
instability_lp:0.0000004844139516,Pred:1,_px0:21.7065928458220263,_py0:21.8405825540100160,_pz0:19.9917964301499538,_px1:22.0992525657356040,_py1:21.4252600292420290,_pz1:19.9034691988506651,_px2:21.9987604354688706,_py2:21.4025096381653626,_pz2:20.0113189026300411,_cx0:20.0879158809724814,_cy0:19.9032071286827339,_cz0:20.0029548951904097
instability_lp:0.0000001056996304,Pred:0,_px0:21.7823342429810829,_py0:21.7015293530149052,_pz0:19.9877768223582670,_px1:21.9414387153375117,_py1:21.4346971285318482,_pz1:20.0026448521309739,_px2:21.9522780559921067,_py2:21.5038012690021674,_pz2:20.0991229880597082,_cx0:19.9975125219195675,_cy0:19.9527810762882147,_cz0:20.0670986079457698
instability_lp:0.0000000443332135,Pred:2,_px0:21.6974353353434388,_py0:21.7996664920308021,_pz0:19.9170990527687124,_px1:22.0001509176754162,_py1:21.4420951956706567,_pz1:19.9110866293362747,_px2:22.0668323259366836,_py2:21.3741073303362867,_pz2:19.9821540675508587,_cx0:19.9910858571022203,_cy0:19.9371301844888968,_cz0:19.9082366214172133
instability_lp:0.0000002467040146,Pred:0,_px0:21.8349192438297521,_py0:21.7690525523661869,_pz0:19.9071408340740668,_px1:21.9320721942801349,_py1:21.5085686559921925,_pz1:19.9795266049353053,_px2:21.9411260687658221,_py2:21.4841113815103242,_pz2:19.9990914254910734,_cx0:20.0155193478406979,_cy0:20.0644999549558847,_cz0:20.0923081318812038
instability_lp:0.0000002340183460,Pred:1,_px0:21.7209717202982731,_py0:21.7416783548107730,_pz0:20.0306436458279578,_px1:21.9504155650690258,_py1:21.4704920507923198,_pz1:20.0876481760235741,_px2:21.9892137901993507,_py2:21.4009348563481758,_pz2:20.0840641440749472,_cx0:19.9209481790759355,_cy0:19.9568043782640245,_cz0:19.9282680266668386
instability_lp:0.0000002384185791,Pred:2,_px0:21.7421765244715743,_py0:21.7912527030712226,_pz0:20.0232934611492297,_px1:22.0494502769268337,_py1:21.3813145389320844,_pz1:20.0850752513786226,_px2:22.0445720213859211,_py2:21.4041226935219591,_pz2:19.9942887561834830,_cx0:19.9163842124009420,_cy0:20.0929956404459666,_cz0:20.0361871296242740
instability_lp:0.0000009002951114,Pred:0,_px0:21.7911018711892446,_py0:21.7423143562079915,_pz0:20.0907611721152257,_px1:22.0172114736666948,_py1:21.5464552841458747,_pz1:19.9520291028786581,_px2:22.0691600913690209,_py2:21.4599371844809212,_pz2:20.0111350679356299,_cx0:19.9993197616652196,_cy0:20.0062929644744329,_cz0:19.9303050583369590
instability_lp:0.0000002741753322,Pred:1,_px0:21.6752695440152969,_py0:21.7167581178279399,_pz0:20.0671836311776133,_px1:22.0292364990661085,_py1:21.4616230253975964,_pz1:20.0106408414014822,_px2:21.9222325533452569,_py2:21.5147160668087736,_pz2:19.9753263025895329,_cx0:20.0507364384600599,_cy0:19.9334492410688888,_cz0:19.9956362812293875
instability_lp:0.0000002992371608,Pred:0,_px0:21.8072524205303075,_py0:21.6781121682227180,_pz0:19.9641324118078352,_px1:22.0222312055817930,_py1:21.4275801273750055,_pz1:20.0239300874638992,_px2:21.9897637686830763,_py2:21.5131161295031745,_pz2:19.9732061521491069,_cx0:19.9125640035665405,_cy0:20.0520799721368022,_cz0:20.0913067939650780
instability_lp:0.0000005252965041,Pred:2,_px0:21.8016828556040672,_py0:21.8096740266772322,_pz0:20.0598509506135478,_px1:21.9959452372211715,_py1:21.3639300372842378,_pz1:19.9710858539077840,_px2:22.0808232164573042,_py2:21.4722891777717919,_pz2:19.9791058718595202,_cx0:20.0079706068653493,_cy0:20.0551752030640742,_cz0:19.9594091994964558
instability_lp:0.0000002514579909,Pred:1,_px0:21.8627126464400057,_py0:21.7100309391506130,_pz0:20.0326573148056220,_px1:22.0849821767420416,_py1:21.5027964773694045,_pz1:20.0800575562659915,_px2:21.9819537687217590,_py2:21.3776090411923860,_pz2:19.9385145913057542,_cx0:20.0943289012621769,_cy0:19.9919228457342477,_cz0:20.0125081622565659
instability_lp:0.0000001830161640,Pred:2,_px0:21.7207127716442159,_py0:21.7993381801477355,_pz0:19.9392783096243065,_px1:22.0952494698275110,_py1:21.5065512651701241,_pz1:20.0055016923255771,_px2:22.0570931630661207,_py2:21.5561607409623299,_pz2:19.9834545893983240,_cx0:20.0218257483662221,_cy0:19.9868491923840956,_cz0:20.0731937912167950
instability_lp:0.0000005123798941,Pred:2,_px0:21.7033994886062089,_py0:21.7345351603927703,_pz0:20.0227209723194690,_px1:21.9431408402431458,_py1:21.5069409890225813,_pz1:19.9348181578492820,_px2:22.1191660028692176,_py2:21.3889267452568390,_pz2:20.0049589733150590,_cx0:19.9898579352022416,_cy0:20.0795987306999031,_cz0:19.9635774911677366
instability_lp:0.0000004534925599,Pred:2,_px0:21.8179845134299164,_py0:21.7637319299642620,_pz0:20.0527392723377531,_px1:21.9838396422675970,_py1:21.4705999350131513,_pz1:20.0297227533206907,_px2:22.0996000872643670,_py2:21.4369216049820750,_pz2:20.0488092041336046,_cx0:20.0260050185611505,_cy0:19.9324742255883613,_cz0:19.9434040338003093
instability_lp:0.0000003169527920,Pred:0,_px0:21.8274977959308316,_py0:21.8118046164055386,_pz0:19.9132524520220464,_px1:22.1055012827485342,_py1:21.4840636477824596,_pz1:20.0531916155261882,_px2:21.9888874737680347,_py2:21.4486048497113444,_pz2:19.9341186849559264,_cx0:20.0998457374050510,_cy0:20.0090659448453536,_cz0:20.0371670042803345
instability_lp:0.0000002477315109,Pred:1,_px0:21.7165056171857316,_py0:21.7184189730363038,_pz0:20.0806743582620655,_px1:22.0660687875496535,_py1:21.3696709213264597,_pz1:19.9159495038985952,_px2:22.0948921325313350,_py2:21.4648090189252088,_pz2:19.9845970657116716,_cx0:19.9170871806410545,_cy0:20.0923469823749485,_cz0:19.9338938091108062
instability_lp:0.0000008316453841,Pred:2,_px0:21.7906974119510011,_py0:21.7444124665271552,_pz0:19.9783669326819329,_px1:22.1033886962306632,_py1:21.4702934781975543,_pz1:19.9966267913098577,_px2:22.0918152926172198,_py2:21.4853135889420841,_pz2:19.9608058909237407,_cx0:19.9348851468576491,_cy0:19.9685331977291654,_cz0:20.0471529195770408
instability_lp:0.0000007737941496,Pred:1,_px0:21.7757775728897087,_py0:21.8177846879268920,_pz0:20.0000985467341259,_px1:22.0626312278689021,_py1:21.4847191398053994,_pz1:20.0790282937600431,_px2:22.0333179394124627,_py2:21.4645898192117883,_pz2:20.0862232619832390,_cx0:19.9018309600659791,_cy0:19.9036550252715365,_cz0:20.0404961580133509
instability_lp:0.0000001514816574,Pred:1,_px0:21.7981512900852366,_py0:21.8306271050687073,_pz0:19.9538990334858646,_px1:22.0735943064622546,_py1:21.5040367288626904,_pz1:19.9730745156635869,_px2:22.0964690041432483,_py2:21.4627399372787870,_pz2:19.9571972834212694,_cx0:19.9377470700246029,_cy0:19.9713158045296169,_cz0:19.9007904300469853
instability_lp:0.0000000273712688,Pred:0,_px0:21.7141547414493523,_py0:21.8579913803134076,_pz0:20.0019162406688160,_px1:22.1180363318687476,_py1:21.5319936868976782,_pz1:19.9094483758366891,_px2:22.0624340991966577,_py2:21.4394135525261120,_pz2:19.9327036892216185,_cx0:20.0456464878030332,_cy0:19.9981520583378867,_cz0:19.9178041546688434
instability_lp:0.0000005441915989,Pred:1,_px0:21.7543535905165371,_py0:21.8647512826857877,_pz0:19.9516030374223376,_px1:22.0636449868342126,_py1:21.5397583992498767,_pz1:19.9919167818929608,_px2:21.9882634814960234,_py2:21.3817206408370843,_pz2:20.0876099117973865,_cx0:20.0795231679359105,_cy0:19.9523124936280354,_cz0:19.9214903432044608
instability_lp:0.0000000913838178,Pred:0,_px0:21.8665754072165939,_py0:21.6828371411062939,_pz0:20.0128710019927816,_px1:22.0448806645743929,_py1:21.4397680694981325,_pz1:19.9881678200737412,_px2:21.9674466011149079,_py2:21.3902775084182046,_pz2:19.9743627761836926,_cx0:20.0927253135446122,_cy0:19.9239903681091910,_cz0:19.9132979728343393
instability_lp:0.0000008787271097,Pred:1,_px0:21.7478796138604551,_py0:21.7548362741455605,_pz0:19.9524830810970073,_px1:21.9406991269349554,_py1:21.5459677289547287,_pz1:20.0081816605796021,_px2:22.0623670426674039,_py2:21.4901557195978974,_pz2:20.0824868197471318,_cx0:19.9406614528226953,_cy0:19.9069785696486825,_cz0:20.0452931021085448
instability_lp:0.0000005381662573,Pred:0,_px0:21.7933640867859886,_py0:21.7847979408105807,_pz0:19.9185097389009336,_px1:22.0399201131797966,_py1:21.3741519651814151,_pz1:19.9138839948987041,_px2:22.0015657456785263,_py2:21.5152094266541347,_pz2:19.9713270604011264,_cx0:20.0086908976122224,_cy0:20.0343533602237471,_cz0:19.9483553382793239
instability_lp:0.0000004136203886,Pred:1,_px0:21.8237480634421814,_py0:21.7195468298203984,_pz0:20.0893084243821498,_px1:22.0669583241021989,_py1:21.4222564264863067,_pz1:19.9428235114751473,_px2:22.0688217181287811,_py2:21.4336541974701227,_pz2:19.9979587987521477,_cx0:19.9963831491285866,_cy0:20.0213080545520903,_cz0:19.9349247522814785
instability_lp:0.0000001429879237,Pred:2,_px0:21.7959491711510118,_py0:21.7855186834351713,_pz0:20.0046774092617810,_px1:21.9764653035516204,_py1:21.5007555480211785,_pz1:20.0657048003588372,_px2:22.1034684717391947,_py2:21.3900534559553748,_pz2:19.9238972072600831,_cx0:19.9272109868131615,_cy0:20.0116009817978373,_cz0:19.9570632222374265
instability_lp:0.0000001448090652,Pred:0,_px0:21.7199122684122585,_py0:21.8077756042116206,_pz0:20.0099922594195192,_px1:21.9703759651679427,_py1:21.4098339832061129,_pz1:19.9565779524187441,_px2:21.9993334396925455,_py2:21.4204385806529025,_pz2:20.0099704179493578,_cx0:20.0754494425726371,_cy0:19.9247675962861450,_cz0:20.0050622887467320
instability_lp:0.0000000249688528,Pred:0,_px0:21.8046528147974286,_py0:21.8003108899529607,_pz0:20.0664934237331600,_px1:22.1010547441155900,_py1:21.5095046832363614,_pz1:19.9986393393476689,_px2:21.9289756794315629,_py2:21.4804560158403852,_pz2:20.0011373154358658,_cx0:20.0118217474370361,_cy0:20.0607716232355564,_cz0:19.9676957810612841
instability_lp:0.0000003266182365,Pred:1,_px0:21.6769464203933921,_py0:21.8162871973152690,_pz0:20.0439097121096736,_px1:21.9535678344748746,_py1:21.5518087649121028,_pz1:20.0077209932299880,_px2:22.0162928811536602,_py2:21.4818260769368266,_pz2:20.0752266338911056,_cx0:19.9846147914811105,_cy0:20.0118477854467223,_cz0:19.9659226555684199
instability_lp:0.0000002619258734,Pred:0,_px0:21.8600660826778359,_py0:21.7024525664711589,_pz0:19.9369196172044241,_px1:21.9950363247818466,_py1:21.4931648567380229,_pz1:20.0776471329748851,_px2:22.0131562621580237,_py2:21.4685737561381309,_pz2:19.9332724748334229,_cx0:20.0119805635474535,_cy0:20.0241548229587067,_cz0:20.0707075739142979
instability_lp:0.0000005801012000,Pred:1,_px0:21.8062821608485109,_py0:21.8094194074624319,_pz0:20.0918400258719174,_px1:22.0806177006664761,_py1:21.4830237302011930,_pz1:20.0230132134272765,_px2:21.9610790188429306,_py2:21.4021695401157110,_pz2:20.0383966748315814,_cx0:19.9029682898907758,_cy0:19.9310245930361667,_cz0:20.0123249453084213
instability_lp:0.0000003587127795,Pred:2,_px0:21.8654971940235683,_py0:21.7314910031955186,_pz0:20.0657028390866259,_px1:22.0306383925819027,_py1:21.5255168434444428,_pz1:20.0673503689315886,_px2:22.0825310256902760,_py2:21.4663645817834734,_pz2:19.9940537592834104,_cx0:19.9461644993378613,_cy0:19.9350470641791091,_cz0:20.0226776570652980
instability_lp:0.0000004628402031,Pred:2,_px0:21.8146958586316089,_py0:21.7871416286924564,_pz0:19.9138053960231147,_px1:22.0094611534147795,_py1:21.5314106207580380,_pz1:19.9649231073748901,_px2:22.1129939525169306,_py2:21.5061405632766629,_pz2:19.9237745402491520,_cx0:20.0569397113085444,_cy0:20.0839585624560542,_cz0:19.9171456524250772
instability_lp:0.0000003608452266,Pred:2,_px0:21.8438159960013891,_py0:21.7470131943174678,_pz0:20.0655305187988695,_px1:22.0680675448421724,_py1:21.3789830169170081,_pz1:19.9872109697606462,_px2:22.1160058408770759,_py2:21.4114369354822855,_pz2:19.9090226676357069,_cx0:19.9347860036579831,_cy0:19.9222633171930248,_cz0:19.9645664175341686
instability_lp:0.0000002081182879,Pred:0,_px0:21.8169775806865545,_py0:21.6774397690628824,_pz0:19.9879785604253293,_px1:22.0753369496741030,_py1:21.3858482714303975,_pz1:19.9832986454867267,_px2:21.9817154761504909,_py2:21.4970854397942723,_pz2:19.9449961830140055,_cx0:20.0145023059633118,_cy0:19.9461417172318960,_cz0:20.0486761841684000
instability_lp:0.0000008922709527,Pred:0,_px0:21.8312251573061680,_py0:21.7134539074280539,_pz0:19.9881967748926002,_px1:22.0895772383220397,_py1:21.3850173517619346,_pz1:19.9533960316578849,_px2:22.0502613588656580,_py2:21.4770586612620669,_pz2:19.9504368307303785,_cx0:20.0425298982032238,_cy0:19.9669523454583029,_cz0:20.0056632476419516
instability_lp:0.0000008651538002,Pred:2,_px0:21.8634652007154493,_py0:21.8213700108748725,_pz0:19.9765292722156858,_px1:22.0171164300558679,_py1:21.5132262705048696,_pz1:19.9397008507697358,_px2:22.0935541099559316,_py2:21.5243058109862311,_pz2:20.0466143747543057,_cx0:19.9078846195749399,_cy0:20.0841689551175442,_cz0:20.0998083432204133
instability_lp:0.0000001687436244,Pred:0,_px0:21.6792585821679111,_py0:21.8474656033038457,_pz0:20.0080723282453015,_px1:22.0358656743894628,_py1:21.3651665341505606,_pz1:20.0324149324243947,_px2:22.1095267326336007,_py2:21.4987326327798591,_pz2:19.9069060745681199,_cx0:20.0214881499863644,_cy0:19.9774695659417034,_cz0:20.0781790420311417
instability_lp:0.0000003741746131,Pred:0,_px0:21.7273968009359173,_py0:21.7671778436085113,_pz0:20.0614234528324680,_px1:21.9579386925315170,_py1:21.4982481417331144,_pz1:20.0466012259696633,_px2:21.9785625632007431,_py2:21.5254348075228918,_pz2:20.0692921956858115,_cx0:20.0140262233624355,_cy0:19.9468985255094680,_cz0:20.0921848335266979
instability_lp:0.0000004609895359,Pred:1,_px0:21.7262566991226080,_py0:21.7483573998503168,_pz0:20.0933899720168654,_px1:22.0826061463554417,_py1:21.4814875843010320,_pz1:19.9687543898209725,_px2:21.9775834962807508,_py2:21.3852561612172316,_pz2:19.9306909018339056,_cx0:20.0944646101419195,_cy0:19.9661651665652933,_cz0:20.0018574438532148
instability_lp:0.0000001274258246,Pred:2,_px0:21.8051444466668869,_py0:21.7578403051234019,_pz0:19.9682430304904663,_px1:21.9746853625470244,_py1:21.4923236890753380,_pz1:19.9269203652753113,_px2:22.0312428923655510,_py2:21.5156093639487445,_pz2:20.0960712836105735,_cx0:20.0697436177030895,_cy0:19.9113159997441400,_cz0:20.0354355164502920
instability_lp:0.0000004753559546,Pred:2,_px0:21.7573423714597425,_py0:21.7967906170928813,_pz0:20.0440289267078171,_px1:22.0843217789774400,_py1:21.4373551934758915,_pz1:20.0630988130174117,_px2:22.0576668210782429,_py2:21.4851616176800633,_pz2:20.0634958386251228,_cx0:20.0694346414736629,_cy0:19.9705537991926789,_cz0:20.0096376013521287
instability_lp:0.0000006367300278,Pred:1,_px0:21.7409851667615506,_py0:21.8019690494481324,_pz0:20.0079030640925772,_px1:22.0506022483532327,_py1:21.5112209175858773,_pz1:19.9417897425786528,_px2:21.9834841261727192,_py2:21.4352547464683916,_pz2:19.9251757227932913,_cx0:20.0183994297489534,_cy0:20.0561267352458685,_cz0:19.9952592841793120
instability_lp:0.0000002404679185,Pred:1,_px0:21.8030994051569600,_py0:21.7525904331554614,_pz0:19.9064866495348909,_px1:21.9909719684305465,_py1:21.5247892122924291,_pz1:20.0250824912102345,_px2:22.0163593085745148,_py2:21.4242297222578095,_pz2:19.9486242677311516,_cx0:19.9850809011073238,_cy0:20.0331960901306942,_cz0:19.9109445069036184
instability_lp:0.0000000000000000,Pred:1,_px0:21.8647732820151255,_py0:21.6745971390812642,_pz0:20.0630323279476883,_px1:22.0135504800144339,_py1:21.5416326926376840,_pz1:20.0242742016558886,_px2:22.0073446927812633,_py2:21.4684368032908246,_pz2:20.0822141189976691,_cx0:20.0331025376604437,_cy0:20.0165083983524283,_cz0:20.0669316585953048
instability_lp:0.0000004768371582,Pred:2,_px0:21.7125429866847313,_py0:21.7349880364839869,_pz0:20.0537486180447750,_px1:21.9760736865066342,_py1:21.3645460005311953,_pz1:19.9599236082564673,_px2:22.1134485495059998,_py2:21.4610682862722655,_pz2:19.9727093797515636,_cx0:20.0489523636870786,_cy0:20.0512983052764540,_cz0:19.9927977309063074
instability_lp:0.0000001164473473,Pred:0,_px0:21.6867245346199340,_py0:21.7637241111387141,_pz0:20.0165177934414338,_px1:21.9961734362115031,_py1:21.4973571857518344,_pz1:19.9869976159590266,_px2:22.0359729320164632,_py2:21.4307440483713272,_pz2:20.0222307585748993,_cx0:19.9349197951308064,_cy0:19.9812678815244062,_cz0:20.0800113500002837
instability_lp:0.0000000000000000,Pred:2,_px0:21.6718196681522848,_py0:21.6877413980559162,_pz0:20.0540995091917473,_px1:22.0165055631923039,_py1:21.4304552480347716,_pz1:19.9958252619466847,_px2:22.0051838599355811,_py2:21.5155900943258764,_pz2:20.0471643624581226,_cx0:20.0864051434148152,_cy0:19.9174523103132159,_cz0:19.9278381272348746
instability_lp:0.0000000922904793,Pred:2,_px0:21.8300207183323884,_py0:21.7245612091452607,_pz0:20.0632925510235580,_px1:21.9898625273396533,_py1:21.4021101107458165,_pz1:19.9229270629691548,_px2:22.0172919499023294,_py2:21.5111184219043352,_pz2:20.0676006991265368,_cx0:19.9863423047989350,_cy0:19.9134590300794017,_cz0:19.9936464083817071
instability_lp:0.0000004768371582,Pred:1,_px0:21.7426283326151903,_py0:21.7414291466732621,_pz0:19.9304969144195745,_px1:21.9998674952610713,_py1:21.5036702294944213,_pz1:19.9996235541531924,_px2:21.9746350832351638,_py2:21.3733529468501686,_pz2:19.9397675753756261,_cx0:20.0678429273738743,_cy0:19.9170957284127788,_cz0:19.9918110340329882
instability_lp:0.0000006206611882,Pred:0,_px0:21.7356358854219458,_py0:21.8059625714532856,_pz0:19.9357408443632238,_px1:22.0865852790542831,_py1:21.4321955523231047,_pz1:20.0658786225905104,_px2:22.0000041907839474,_py2:21.4405036016183459,_pz2:19.9121488006842071,_cx0:20.0210347687457855,_cy0:19.9931563154296761,_cz0:20.0902512876271508
instability_lp:0.0000001098304985,Pred:2,_px0:21.8473134316212096,_py0:21.7107536111961821,_pz0:20.0820198803125045,_px1:22.0220340303434199,_py1:21.4355457995811243,_pz1:20.0222477077144418,_px2:22.1151564272843117,_py2:21.4601602004748599,_pz2:20.0321287204195428,_cx0:20.0961768451129004,_cy0:19.9858588606518950,_cz0:20.0195547601764829
instability_lp:0.0000004768371582,Pred:2,_px0:21.7387863940693364,_py0:21.7538190577383226,_pz0:19.9583867926422442,_px1:22.0409104605582122,_py1:21.3796909634488124,_pz1:20.0008880401499987,_px2:21.9735270453679945,_py2:21.5062610089901192,_pz2:20.0455410591073075,_cx0:19.9575867678306942,_cy0:20.0285435286949145,_cz0:19.9972595142653482
instability_lp:0.0000002876222802,Pred:2,_px0:21.7072537437068540,_py0:21.7282537605698458,_pz0:20.0466444032018281,_px1:22.0207282378621052,_py1:21.5049177448381315,_pz1:20.0756547043917983,_px2:22.0580747085148801,_py2:21.4553803766962972,_pz2:19.9948211087355503,_cx0:20.0174275421152963,_cy0:19.9498597686411152,_cz0:20.0384267206017057
instability_lp:0.0000000725319946,Pred:1,_px0:21.8260724327136160,_py0:21.6860410667844299,_pz0:20.0045966549332235,_px1:22.0690183152952315,_py1:21.4494131666465719,_pz1:20.0521785986387080,_px2:22.1051962373523025,_py2:21.4604199824763562,_pz2:20.0195543205922277,_cx0:19.9862576281122202,_cy0:20.0745241764814253,_cz0:19.9045660150258641
instability_lp:0.0000004768371582,Pred:2,_px0:21.8096919914240459,_py0:21.7007589916655590,_pz0:19.9308703070650211,_px1:22.0471501803431416,_py1:21.4694628100793174,_pz1:20.0478174608889113,_px2:22.1174785788904309,_py2:21.4210491500520384,_pz2:19.9989970458201114,_cx0:20.0583578923523227,_cy0:20.0040902697034610,_cz0:20.0463974007155734
instability_lp:0.0000000000000000,Pred:0,_px0:21.7167738625811282,_py0:21.8134346392487330,_pz0:19.9505592405100174,_px1:21.9328845280096303,_py1:21.4430806108578480,_pz1:19.9007789157334614,_px2:22.0586006175254461,_py2:21.4116085989082272,_pz2:20.0551915993705343,_cx0:20.0924163361976014,_cy0:19.9183663887988622,_cz0:20.0926092440228032
instability_lp:0.0000000664619471,Pred:2,_px0:21.7113924901938944,_py0:21.8573390233085227,_pz0:20.0647634678356184,_px1:21.9658147140433151,_py1:21.4438647956419111,_pz1:20.0699313704715721,_px2:22.0904674581859588,_py2:21.4262116929265716,_pz2:20.0304453136075509,_cx0:19.9941204023054446,_cy0:19.9632508299608027,_cz0:20.0175874051254183
instability_lp:0.0000001662888360,Pred:1,_px0:21.7181291943453836,_py0:21.8497732131461504,_pz0:19.9079287973269459,_px1:22.1070240949965218,_py1:21.3765004395025322,_pz1:19.9762214539927534,_px2:22.0049607938364886,_py2:21.4827093612415290,_pz2:20.0767238062698041,_cx0:19.9473485979472045,_cy0:19.9880903332904403,_cz0:19.9094716633714128
instability_lp:0.0000013205563594,Pred:0,_px0:21.7175239044276616,_py0:21.8649967455095613,_pz0:19.9227719614388263,_px1:21.9819780391743294,_py1:21.4490433235508604,_pz1:20.0694370994202060,_px2:22.1030127891073995,_py2:21.4747247522672282,_pz2:19.9352617829270926,_cx0:20.0813686086709460,_cy0:19.9752818882815930,_cz0:19.9672581001498060
instability_lp:0.0000006739929139,Pred:2,_px0:21.7182913437524299,_py0:21.8478061603092613,_pz0:19.9420843765335540,_px1:21.9467529132900516,_py1:21.4332855067929664,_pz1:19.9577068856254698,_px2:22.0573692630498535,_py2:21.4757208983393966,_pz2:19.9202800923121508,_cx0:19.9789228173340305,_cy0:19.9159140743389322,_cz0:19.9246446147675833
instability_lp:0.0000003867531202,Pred:0,_px0:21.6758645084527615,_py0:21.8576421885507379,_pz0:19.9130144581259287,_px1:22.1056475657716618,_py1:21.4999601661320590,_pz1:20.0354201009196338,_px2:22.1022618490933738,_py2:21.3656476142283758,_pz2:20.0953377866164509,_cx0:20.0615330829105964,_cy0:19.9520517111998288,_cz0:20.0254973750214553
instability_lp:0.0000009536743164,Pred:0,_px0:21.8116256167654079,_py0:21.8354675830926119,_pz0:19.9894060883156044,_px1:22.0705430197112946,_py1:21.4808934978213593,_pz1:20.0964974866232389,_px2:22.0037302344309751,_py2:21.4024787990015355,_pz2:20.0803981977423653,_cx0:20.0676697938552451,_cy0:20.0444261764848726,_cz0:20.0174877807113738
instability_lp:0.0000001371414906,Pred:2,_px0:21.7690283584683328,_py0:21.7671707015750791,_pz0:20.0493968635561863,_px1:21.9527943366173623,_py1:21.4573754245309978,_pz1:19.9345466686573545,_px2:21.9745362002470230,_py2:21.5143041299815785,_pz2:20.0985921404317942,_cx0:19.9046276444590760,_cy0:20.0279998972676694,_cz0:20.0129562240619947
instability_lp:0.0000002843232636,Pred:0,_px0:21.7144198077751405,_py0:21.7413411679823589,_pz0:20.0304132266577390,_px1:22.0964264742734038,_py1:21.5250042708800216,_pz1:19.9148944940487347,_px2:21.9693823606750840,_py2:21.5438080391212416,_pz2:20.0515977643204835,_cx0:19.9155969183964636,_cy0:20.0062376365560297,_cz0:19.9699995336448772
instability_lp:0.0000001374424321,Pred:0,_px0:21.7721207760563686,_py0:21.6876127469249127,_pz0:19.9505259233762153,_px1:21.9927151817980757,_py1:21.4040984072369049,_pz1:19.9234046392251756,_px2:22.1010147239738224,_py2:21.5217962655433439,_pz2:20.0825400560081668,_cx0:19.9878285878746915,_cy0:19.9403567766027301,_cz0:20.0662846189766597
instability_lp:0.0000002433806676,Pred:2,_px0:21.8091251041270446,_py0:21.6939152469783600,_pz0:20.0470861838884140,_px1:21.9941028024228764,_py1:21.5511011848557317,_pz1:19.9437726387026579,_px2:22.0229485433841816,_py2:21.5135720991685879,_pz2:20.0438462988212009,_cx0:19.9393563885424996,_cy0:19.9381433613775947,_cz0:19.9938023521070392
instability_lp:0.0000002384185791,Pred:1,_px0:21.6797787542314140,_py0:21.7921223526271639,_pz0:19.9597459617349067,_px1:22.0997993088047018,_py1:21.3850416011666127,_pz1:19.9109608218124876,_px2:21.9890419676103832,_py2:21.4169677433264312,_pz2:19.9635389696171224,_cx0:19.9738778961235077,_cy0:20.0751255542855382,_cz0:20.0316652058305529
instability_lp:0.0000000882593438,Pred:1,_px0:21.6999935230193621,_py0:21.7642022269099016,_pz0:19.9572696034131880,_px1:22.0036308108100798,_py1:21.4887227563228116,_pz1:19.9151114443387414,_px2:22.1112591221701642,_py2:21.4081143566072534,_pz2:19.9500281319255137,_cx0:19.9400709534250531,_cy0:20.0842261789293168,_cz0:20.0533560407130764
instability_lp:0.0000000556213360,Pred:2,_px0:21.7327953656310200,_py0:21.7490547407600339,_pz0:19.9303480963363988,_px1:21.9995934587156370,_py1:21.5316818817759348,_pz1:19.9836739004979265,_px2:21.9955357344055251,_py2:21.5352685961198418,_pz2:19.9446599267631122,_cx0:19.9442206890528162,_cy0:19.9393889025037119,_cz0:20.0316912686134181
instability_lp:0.0000007912246680,Pred:1,_px0:21.8404587868277247,_py0:21.7719234050539896,_pz0:20.0116167786119590,_px1:22.0434505888649497,_py1:21.5485837080835303,_pz1:19.9061558798915499,_px2:21.9516476782931207,_py2:21.3776561315626168,_pz2:19.9976626849256753,_cx0:20.0537508973636456,_cy0:19.9056514746535811,_cz0:20.0322727537398571
instability_lp:0.0000000149328763,Pred:1,_px0:21.8507367375030839,_py0:21.6876525670185920,_pz0:20.0071039587758044,_px1:22.0961260226257750,_py1:21.4031186163067453,_pz1:19.9191409677356184,_px2:21.9911289331648163,_py2:21.3678829911574155,_pz2:20.0194949959961228,_cx0:20.0784278709340995,_cy0:19.9198793374094549,_cz0:19.9339524229215215
instability_lp:0.0000000749920517,Pred:1,_px0:21.7743460524195562,_py0:21.7193956474817327,_pz0:20.0705259469200534,_px1:22.0175346411101209,_py1:21.5140770807089652,_pz1:20.0084643865509264,_px2:22.0065221727111009,_py2:21.3852641460975939,_pz2:20.0669590372438371,_cx0:20.0396337994093230,_cy0:19.9854814801763183,_cz0:19.9723465190605936
instability_lp:0.0000002474050484,Pred:1,_px0:21.8651600067294964,_py0:21.6704118538463533,_pz0:19.9806015852282748,_px1:22.0607101117729734,_py1:21.4000465739146080,_pz1:19.9012219113303424,_px2:22.0104494507659467,_py2:21.4000795039907459,_pz2:20.0172412543172200,_cx0:19.9278164382222158,_cy0:20.0597065425290282,_cz0:19.9500958440127292
instability_lp:0.0000001870443427,Pred:1,_px0:21.7461843889375146,_py0:21.6916692205619377,_pz0:20.0549789550504549,_px1:21.9332822948569799,_py1:21.4995756706314047,_pz1:19.9252869463643449,_px2:21.9473880887904151,_py2:21.5238400378468668,_pz2:19.9994253617243025,_cx0:19.9437346376682321,_cy0:19.9874098506231839,_cz0:19.9963824264222687
instability_lp:0.0000000994145068,Pred:2,_px0:21.6980759602915825,_py0:21.8662892846187056,_pz0:19.9947630676882184,_px1:22.0202676101868349,_py1:21.4462127546622483,_pz1:19.9628936456809249,_px2:22.0490099026304733,_py2:21.4657036662035168,_pz2:20.0371256201235219,_cx0:19.9789665386448441,_cy0:19.9992671677373650,_cz0:19.9753170854762736
instability_lp:0.0000009386646136,Pred:2,_px0:21.6740344808269434,_py0:21.7609285298972068,_pz0:19.9422615207928509,_px1:22.0736377890750930,_py1:21.5329077681772922,_pz1:19.9332416950879789,_px2:22.0805218064787425,_py2:21.5211342830402472,_pz2:19.9102977386723730,_cx0:20.0026162903302414,_cy0:19.9685241040161436,_cz0:20.0986048630432279
instability_lp:0.0000002139251167,Pred:0,_px0:21.6774722201598209,_py0:21.7746309460441729,_pz0:19.9706793381230341,_px1:21.9373414873039998,_py1:21.4223625121369778,_pz1:19.9019729367466489,_px2:21.9889152991720067,_py2:21.4558335899262858,_pz2:20.0399490296561034,_cx0:20.0196819586305317,_cy0:19.9054205643969659,_cz0:20.0589028075146061
instability_lp:0.0000000551491484,Pred:0,_px0:21.6913129482331257,_py0:21.8523748668573674,_pz0:19.9733919000594824,_px1:21.9749734957772169,_py1:21.4324603768775539,_pz1:20.0062338922667493,_px2:21.9625157520186676,_py2:21.4212690929608733,_pz2:20.0618362027974051,_cx0:19.9395075245944327,_cy0:20.0717966897281812,_cz0:20.0769277118970315
instability_lp:0.0000001572195960,Pred:0,_px0:21.8065001073742764,_py0:21.7218085007797015,_pz0:19.9794970813577528,_px1:21.9281441678144695,_py1:21.4540141049651503,_pz1:20.0620434632348115,_px2:22.0466840859906199,_py2:21.3779239445449427,_pz2:20.0039030167758014,_cx0:20.0316480361538254,_cy0:19.9618681253222121,_cz0:19.9293814918163150
instability_lp:0.0000002072809426,Pred:2,_px0:21.7580948105305865,_py0:21.7644720429808238,_pz0:20.0436655435448827,_px1:22.0479696384109403,_py1:21.4089912991640112,_pz1:20.0515409944353351,_px2:22.0166018594319937,_py2:21.4658303257943288,_pz2:20.0792908158056882,_cx0:19.9252619850566894,_cy0:19.9102256909060387,_cz0:20.0530769197983112
instability_lp:0.0000003093092005,Pred:0,_px0:21.7825780837203276,_py0:21.8468243713196486,_pz0:19.9892800327806164,_px1:21.9867281098974523,_py1:21.4796772905623925,_pz1:19.9773725255752765,_px2:22.0975998302631069,_py2:21.4054625942956029,_pz2:20.0978264372785702,_cx0:20.0864694396902195,_cy0:20.0101921224548462,_cz0:19.9885430330822906
instability_lp:0.0000000643587565,Pred:0,_px0:21.8285409409173496,_py0:21.8173835743718705,_pz0:20.0604947742822084,_px1:22.0052976150276578,_py1:21.4933031247990698,_pz1:20.0579516911683378,_px2:22.0884108369836625,_py2:21.4790065120901019,_pz2:20.0062562177452534,_cx0:20.0184685656421202,_cy0:20.0979910525483980,_cz0:19.9288589290477596
instability_lp:0.0000000000000000,Pred:0,_px0:21.7464863006195444,_py0:21.8561342419805626,_pz0:19.9036259220929921,_px1:21.9454158007099345,_py1:21.5407297133750895,_pz1:19.9023636751819204,_px2:22.0867811381475931,_py2:21.3755811512915344,_pz2:19.9034930445270106,_cx0:20.0678777400254660,_cy0:20.0037407572864296,_cz0:19.9337203697458456
instability_lp:0.0000000000000000,Pred:1,_px0:21.7075664996158153,_py0:21.7947801822259919,_pz0:20.0839845145046638,_px1:22.0154236070138509,_py1:21.4816720146693640,_pz1:20.0548948530829030,_px2:22.0323489171789717,_py2:21.3600521431677279,_pz2:19.9789633921715257,_cx0:20.0418212942508163,_cy0:19.9471096872571430,_cz0:20.0515023635474527
instability_lp:0.0000001558022484,Pred:2,_px0:21.7142517229561918,_py0:21.8479546792516288,_pz0:20.0710717762685711,_px1:22.0153885484930996,_py1:21.4265563741077472,_pz1:20.0842657558546733,_px2:22.0206181321575372,_py2:21.5427036474750864,_pz2:20.0976101374242511,_cx0:20.0501394650666711,_cy0:20.0048145192232063,_cz0:20.0516491782626360
instability_lp:0.0000002690852998,Pred:0,_px0:21.8162105744267869,_py0:21.7857750079016093,_pz0:19.9920851481575923,_px1:22.0787945523479934,_py1:21.3851890308340948,_pz1:19.9159145739934935,_px2:22.0902232535789835,_py2:21.3939807603666452,_pz2:19.9776984937850841,_cx0:20.0327835872456355,_cy0:20.0352992214892538,_cz0:19.9197982653136343
instability_lp:0.0000004871944879,Pred:0,_px0:21.7610730660385769,_py0:21.6843029909647527,_pz0:20.0074393666849666,_px1:22.0074870492552819,_py1:21.4881881433577249,_pz1:19.9109681830792518,_px2:21.9863644604693924,_py2:21.4080351324416860,_pz2:20.0889975558915168,_cx0:19.9185582367789742,_cy0:19.9965984215478407,_cz0:20.0898614440066119
instability_lp:0.0000009592810022,Pred:2,_px0:21.8143927277551946,_py0:21.7390618956783150,_pz0:20.0642587675546586,_px1:21.9332246688069858,_py1:21.3682110042722009,_pz1:19.9186347075824770,_px2:21.9857251484998137,_py2:21.5467680790772533,_pz2:20.0527413802001355,_cx0:20.0152751190193356,_cy0:19.9700026576733229,_cz0:19.9357772220092713
instability_lp:0.0000001519172215,Pred:2,_px0:21.6939088605269355,_py0:21.7970674051377316,_pz0:20.0237926576863003,_px1:22.0063546398870429,_py1:21.5325301716348783,_pz1:20.0557416306602505,_px2:22.0597899531478951,_py2:21.4510022627986068,_pz2:19.9903493031348809,_cx0:19.9576227302000042,_cy0:20.0716539057771008,_cz0:20.0972895972418115
instability_lp:0.0000001975940518,Pred:2,_px0:21.7768681000298194,_py0:21.8362274075514762,_pz0:19.9357093652876607,_px1:22.1108160248728538,_py1:21.3960361458901467,_pz1:19.9246213849748557,_px2:22.0401878897474077,_py2:21.5488898685522834,_pz2:19.9632189432453444,_cx0:20.0414768616396373,_cy0:19.9846971605367472,_cz0:20.0033344712589560
instability_lp:0.0000004768371582,Pred:2,_px0:21.7320612114025558,_py0:21.7737023594154522,_pz0:20.0307471286182981,_px1:22.0867086571300000,_py1:21.3794935528652239,_pz1:20.0970076225684089,_px2:22.0230703391428442,_py2:21.4926054487063602,_pz2:19.9098426511557030,_cx0:20.0456658693708789,_cy0:19.9694660981509209,_cz0:20.0509668699237373
instability_lp:0.0000002276763298,Pred:2,_px0:21.7270617540073872,_py0:21.8567652635959746,_pz0:20.0061095799813558,_px1:22.0267194847886998,_py1:21.4943880868211359,_pz1:20.0423800870507876,_px2:22.0616589131307137,_py2:21.4770230643437365,_pz2:19.9053821148375896,_cx0:19.9266067395110653,_cy0:19.9233551096279875,_cz0:19.9558090972042663
instability_lp:0.0000001266826883,Pred:1,_px0:21.7829094717618581,_py0:21.8295338449624978,_pz0:20.0687818921025780,_px1:22.0530358610176656,_py1:21.5248421572357636,_pz1:19.9122505145204478,_px2:22.1014701795491710,_py2:21.5412882201658995,_pz2:20.0914984367748275,_cx0:20.0168338466048397,_cy0:20.0247776194125322,_cz0:19.9226529019990224
instability_lp:0.0000004000904883,Pred:2,_px0:21.6943057378680919,_py0:21.6769369268635899,_pz0:20.0328182786390272,_px1:22.0054614478933921,_py1:21.4505485111710392,_pz1:20.0437369304447159,_px2:22.1092089417154014,_py2:21.4501196937496417,_pz2:19.9672829984069260,_cx0:20.0435006358397665,_cy0:20.0419915458848656,_cz0:19.9619618018446303
instability_lp:0.0000002226519453,Pred:2,_px0:21.7165049581818757,_py0:21.8304395267369422,_pz0:19.9507040056636100,_px1:22.0971040394795608,_py1:21.3967485088467342,_pz1:19.9824651745532016,_px2:22.0253020980699468,_py2:21.5082312731203800,_pz2:19.9002751251683918,_cx0:20.0742484726823172,_cy0:19.9237830627820358,_cz0:20.0690901238327335
instability_lp:0.0000006346010535,Pred:2,_px0:21.8508839034200122,_py0:21.7363822437945657,_pz0:19.9554872031581993,_px1:22.0543198800153668,_py1:21.5281588925272978,_pz1:19.9787297628255232,_px2:22.0850249847048090,_py2:21.4871883190270481,_pz2:20.0598002094588246,_cx0:19.9236654574161705,_cy0:20.0199211046658085,_cz0:20.0848766612749898
instability_lp:0.0000000000000000,Pred:0,_px0:21.7870655645975226,_py0:21.7524125772725831,_pz0:19.9548507967287918,_px1:22.0204353009632001,_py1:21.3661450665845258,_pz1:19.9749576834379496,_px2:21.9697947301947458,_py2:21.5196586896850093,_pz2:19.9866625434191256,_cx0:20.0334685245219006,_cy0:19.9710640921588336,_cz0:19.9137026903283321
instability_lp:0.0000005217871015,Pred:1,_px0:21.7487309700989755,_py0:21.7211459944076566,_pz0:20.0498365835053107,_px1:22.0672826051280282,_py1:21.4673487554245384,_pz1:20.0985901470289541,_px2:22.0771968055130898,_py2:21.5269276890190930,_pz2:20.0290260011931061,_cx0:20.0097076849591495,_cy0:20.0512135488685281,_cz0:19.9939290550043474
instability_lp:0.0000004950294752,Pred:1,_px0:21.7761076507466420,_py0:21.7550428060093139,_pz0:19.9738968864427413,_px1:22.0382702998250117,_py1:21.4437657798471690,_pz1:20.0371757249986651,_px2:21.9625716514897391,_py2:21.5123585890197937,_pz2:19.9011391632264178,_cx0:19.9202716321778794,_cy0:19.9180099736983003,_cz0:19.9954947917235515
instability_lp:0.0000008012055810,Pred:0,_px0:21.8072191429777149,_py0:21.7106748249384900,_pz0:19.9805813260751677,_px1:22.1091410021060817,_py1:21.5484929403609122,_pz1:19.9055191342744600,_px2:21.9453347253544884,_py2:21.5284685781451266,_pz2:19.9650196603802108,_cx0:19.9097112569071868,_cy0:20.0871210808805749,_cz0:20.0969630436957658
instability_lp:0.0000007740803101,Pred:1,_px0:21.7099647999740952,_py0:21.7921593866693613,_pz0:19.9537025568325532,_px1:21.9721448428054060,_py1:21.4758721614237302,_pz1:19.9445462229869079,_px2:22.0765938737972611,_py2:21.4920814368930095,_pz2:19.9321734238565753,_cx0:19.9101869605529060,_cy0:20.0301361326734231,_cz0:20.0276704866102300
instability_lp:0.0000006471370280,Pred:2,_px0:21.7550830799364867,_py0:21.7031498217923335,_pz0:20.0489453163691564,_px1:22.0772746173279728,_py1:21.4371426651986070,_pz1:19.9496115851447016,_px2:21.9843667933830815,_py2:21.5580503195887694,_pz2:19.9136457162041403,_cx0:19.9211509977565839,_cy0:19.9138228165981452,_cz0:20.0675363840384122
instability_lp:0.0000000570223584,Pred:1,_px0:21.6886471183871130,_py0:21.7801235256111809,_pz0:20.0415150753881406,_px1:21.9679252754002441,_py1:21.4663713944081103,_pz1:19.9912428661674468,_px2:22.0602587896866069,_py2:21.4239865378215839,_pz2:20.0220187861109231,_cx0:19.9410055311587655,_cy0:19.9292068026164557,_cz0:20.0883035280687281
instability_lp:0.0000004353491336,Pred:1,_px0:21.7162466346315313,_py0:21.7453448222183354,_pz0:19.9311945205699601,_px1:22.0859206949947051,_py1:21.5221926346617742,_pz1:20.0624081873159916,_px2:21.9315331970208938,_py2:21.5188769909734283,_pz2:19.9488714074943552,_cx0:20.0939543336601716,_cy0:20.0150214102654829,_cz0:19.9598934607859206
instability_lp:0.0000001432190828,Pred:2,_px0:21.8137732555641684,_py0:21.7416521810142562,_pz0:19.9361433358099980,_px1:21.9534902224286874,_py1:21.3855662550337442,_pz1:19.9145413705215510,_px2:22.0486435749049505,_py2:21.4646241889263614,_pz2:19.9293854171547018,_cx0:19.9934304661552567,_cy0:19.9549539810302434,_cz0:20.0472154008910124
instability_lp:0.0000004033690875,Pred:0,_px0:21.8467237048487775,_py0:21.6984679687714497,_pz0:20.0131674009902270,_px1:22.0452498597489885,_py1:21.5203877171689619,_pz1:19.9843769404498737,_px2:21.9725569675734995,_py2:21.5166281076318739,_pz2:19.9494965754679860,_cx0:20.0632406524211362,_cy0:19.9488208289485520,_cz0:19.9241601104029264
instability_lp:0.0000000744271134,Pred:1,_px0:21.7998869614162878,_py0:21.6841570739513969,_pz0:20.0869114614030870,_px1:22.0621043778500088,_py1:21.3614224560937949,_pz1:20.0559439737144594,_px2:22.0695437941278989,_py2:21.5222785379003199,_pz2:20.0117777469157154,_cx0:19.9889889750112744,_cy0:19.9538381026377145,_cz0:19.9746265894149566
instability_lp:0.0000003135035516,Pred:1,_px0:21.8105227531402015,_py0:21.7388436890341552,_pz0:19.9507331224394626,_px1:22.0106371883538721,_py1:21.5043711644710847,_pz1:19.9925373779109385,_px2:22.0498657281928985,_py2:21.5452908230318201,_pz2:19.9817960402377857,_cx0:19.9115155413800444,_cy0:19.9201175512839654,_cz0:20.0271734848279372
instability_lp:0.0000001609333875,Pred:1,_px0:21.8034528647053314,_py0:21.7821982962415532,_pz0:19.9587165722896884,_px1:22.0306863017709382,_py1:21.5235805736126302,_pz1:19.9383186666473371,_px2:21.9770041628819897,_py2:21.3958551630917277,_pz2:19.9596816416176424,_cx0:19.9732260126961521,_cy0:19.9358452787789702,_cz0:20.0065569665779144
instability_lp:0.0000002384185791,Pred:0,_px0:21.7638779607852335,_py0:21.7777476993704902,_pz0:19.9044163464589090,_px1:22.0419173404024527,_py1:21.4241774555967091,_pz1:19.9311677211109384,_px2:21.9547403665234988,_py2:21.5169861740604915,_pz2:19.9651331056212697,_cx0:19.9509896724722289,_cy0:20.0581909009060801,_cz0:19.9854123293819903
instability_lp:0.0000000680392356,Pred:2,_px0:21.8553151122039715,_py0:21.7850575545220906,_pz0:19.9640203368216831,_px1:22.0866986644112977,_py1:21.4111648361809372,_pz1:19.9934792237791612,_px2:22.0798597395046912,_py2:21.5111843809630656,_pz2:20.0340512023000272,_cx0:19.9925406340940590,_cy0:20.0040497433878706,_cz0:19.9164981568309010
instability_lp:0.0000014152396433,Pred:1,_px0:21.8245388826888700,_py0:21.6860511361509793,_pz0:19.9085179789031450,_px1:22.0795148343404364,_py1:21.3798256892244432,_pz1:20.0716214729340869,_px2:22.0768033009566373,_py2:21.5156974923963205,_pz2:19.9397730838692624,_cx0:20.0096272300507998,_cy0:19.9431293900325564,_cz0:20.0439844296052989
instability_lp:0.0000002986462073,Pred:1,_px0:21.6822101651561461,_py0:21.7408322434084624,_pz0:20.0122840737515517,_px1:21.9316068316677608,_py1:21.4671339144870323,_pz1:20.0933654052174511,_px2:22.0944223896294929,_py2:21.4086468356329220,_pz2:20.0185357519977423,_cx0:19.9530902810641990,_cy0:19.9143093269384970,_cz0:20.0539983971761551
instability_lp:0.0000007845490977,Pred:0,_px0:21.7767388420490278,_py0:21.7013544664677944,_pz0:20.0932615845432814,_px1:22.1199220724217227,_py1:21.5497883196313822,_pz1:20.0100729541434319,_px2:22.0564562521392737,_py2:21.4803071302363229,_pz2:20.0624615162436228,_cx0:20.0473429961816159,_cy0:19.9015110542073401,_cz0:19.9527270917094910
instability_lp:0.0000010633027920,Pred:2,_px0:21.7332194685112761,_py0:21.7520740585597565,_pz0:20.0253408519203511,_px1:22.0646059088896074,_py1:21.4800926758908162,_pz1:20.0430050078514057,_px2:22.0907678144661581,_py2:21.4400009676627832,_pz2:20.0771049511512309,_cx0:19.9720222702585275,_cy0:20.0794412161127873,_cz0:20.0524138060176824
instability_lp:0.0000002321848092,Pred:1,_px0:21.7427790527384630,_py0:21.8069591436986627,_pz0:20.0618017292403650,_px1:21.9839679731167692,_py1:21.5310876461915157,_pz1:19.9815133577592263,_px2:22.0622339976496207,_py2:21.5233692169391411,_pz2:20.0717973017002436,_cx0:19.9424048110108849,_cy0:19.9984587735954946,_cz0:19.9818344860718753
instability_lp:0.0000000587916249,Pred:1,_px0:21.6753189710738674,_py0:21.7058235255050569,_pz0:20.0533883670127899,_px1:21.9639885063301712,_py1:21.4565163668135739,_pz1:20.0333024312431469,_px2:21.9245182305409188,_py2:21.5419611892951508,_pz2:19.9078597458116029,_cx0:19.9124620548507458,_cy0:20.0285310851077227,_cz0:20.0790982920579140
instability_lp:0.0000005629191220,Pred:1,_px0:21.7474431492562594,_py0:21.8084162454579094,_pz0:19.9831389205917418,_px1:22.0545017831467582,_py1:21.4584885249745518,_pz1:19.9954250785966536,_px2:22.0594175965988164,_py2:21.4376339929912412,_pz2:20.0693810562460619,_cx0:19.9713892543089528,_cy0:19.9385483437397255,_cz0:20.0809871790842109
instability_lp:0.0000002384185791,Pred:1,_px0:21.6943840858453783,_py0:21.6975494063401335,_pz0:19.9118051123860305,_px1:22.0882788085976074,_py1:21.4590218844725875,_pz1:20.0636820592748393,_px2:21.9536371053166839,_py2:21.3935678125887954,_pz2:20.0473105344675986,_cx0:20.0401085905451843,_cy0:20.0254969256583131,_cz0:20.0636152593249548
instability_lp:0.0000005496427997,Pred:0,_px0:21.7777815995122204,_py0:21.6844954987869087,_pz0:19.9758357802759079,_px1:21.9588474774727800,_py1:21.5588111384207473,_pz1:19.9449890651949637,_px2:22.1180359847648234,_py2:21.3913403526467008,_pz2:20.0124000452982251,_cx0:20.0026224536367785,_cy0:19.9264133604366371,_cz0:20.0650248672650307
instability_lp:0.0000003395622707,Pred:0,_px0:21.8513489567401571,_py0:21.7866933661870164,_pz0:19.9805470121468183,_px1:22.1191804403249108,_py1:21.4786483923898324,_pz1:20.0010271676355167,_px2:22.0959126406982129,_py2:21.4625211927958404,_pz2:19.9285639707132063,_cx0:20.0859861831115509,_cy0:20.0200301278941488,_cz0:20.0919059816710224
instability_lp:0.0000002235378700,Pred:2,_px0:21.8001628990704965,_py0:21.7845265338544394,_pz0:20.0402343827021490,_px1:21.9268119251200950,_py1:21.5063955958124247,_pz1:19.9340108164744478,_px2:22.0783693196803199,_py2:21.4254836173474246,_pz2:19.9845381244479405,_cx0:19.9666696357851237,_cy0:20.0869990169941453,_cz0:19.9446944227650249
instability_lp:0.0000001400299885,Pred:2,_px0:21.8142867399865246,_py0:21.6822959486266100,_pz0:20.0297940563083614,_px1:22.1079322986062294,_py1:21.4118757342602493,_pz1:20.0642794130203690,_px2:22.0333774303427781,_py2:21.5149918623431553,_pz2:20.0957109791206712,_cx0:19.9049725462705673,_cy0:19.9066702907004718,_cz0:20.0266338971101838
instability_lp:0.0000000553124071,Pred:0,_px0:21.8609677486824658,_py0:21.6845328604683871,_pz0:19.9938488820073417,_px1:21.9455928701840293,_py1:21.4660002603130415,_pz1:19.9352975866921689,_px2:22.0669356705187525,_py2:21.5327474217176196,_pz2:20.0332709771270281,_cx0:19.9998889708425338,_cy0:20.0157139209637940,_cz0:20.0316840307468951
instability_lp:0.0000001142145027,Pred:0,_px0:21.7384168388454313,_py0:21.7920915409373528,_pz0:20.0626167542127050,_px1:21.9216674373306617,_py1:21.3747256597945103,_pz1:20.0750377442571519,_px2:22.1187039461725874,_py2:21.3897539872255891,_pz2:20.0082028147337034,_cx0:19.9051062206761458,_cy0:20.0925323016906781,_cz0:20.0843421182522306
instability_lp:0.0000001859587089,Pred:1,_px0:21.8246750915957044,_py0:21.7634590046729244,_pz0:20.0268548307599765,_px1:22.0994102234670002,_py1:21.4279698025192928,_pz1:19.9143252530201913,_px2:22.1084218661060667,_py2:21.3680225826278445,_pz2:20.0849835606221987,_cx0:19.9153661301431093,_cy0:19.9201887701732048,_cz0:19.9421756984862384
instability_lp:0.0000003971074811,Pred:2,_px0:21.8193454759704615,_py0:21.7998768221074144,_pz0:20.0970556778819578,_px1:22.0966099350418013,_py1:21.4948560656117564,_pz1:19.9998555294703024,_px2:22.1146191640545702,_py2:21.4711857515346196,_pz2:19.9249917253968256,_cx0:20.0265232419252968,_cy0:19.9192608307205425,_cz0:19.9506343986143513
instability_lp:0.0000005241195469,Pred:2,_px0:21.7070297741317333,_py0:21.6706760832856737,_pz0:20.0176449076820369,_px1:22.1144871578339917,_py1:21.4525332609063639,_pz1:20.0744255652532111,_px2:22.0809722276967832,_py2:21.5051905579982297,_pz2:20.0558351982179275,_cx0:19.9377331849363308,_cy0:20.0688494394388286,_cz0:19.9633964916986386
instability_lp:0.0000011761799561,Pred:1,_px0:21.8673998490708890,_py0:21.6734910137781362,_pz0:19.9397647895104093,_px1:21.9832776568938399,_py1:21.5245161837174201,_pz1:20.0214390684484691,_px2:22.0656316353500053,_py2:21.3832688397277479,_pz2:19.9973779021284450,_cx0:19.9484147000351975,_cy0:20.0400967166480122,_cz0:19.9429984154379909
instability_lp:0.0000001374487262,Pred:1,_px0:21.8447652607852447,_py0:21.8197297046471981,_pz0:19.9128665614933062,_px1:22.0816515332654362,_py1:21.5332591219121880,_pz1:19.9846921801030142,_px2:22.0457267390963274,_py2:21.4807315705347506,_pz2:19.9113635508396492,_cx0:19.9347759473299497,_cy0:20.0185270279266518,_cz0:20.0511503644991436
instability_lp:0.0000002612649874,Pred:0,_px0:21.7587635745521446,_py0:21.7239786839177711,_pz0:20.0228442075303050,_px1:21.9327701312362997,_py1:21.4089374066930915,_pz1:19.9356208373958346,_px2:21.9510406389790766,_py2:21.5123505121247618,_pz2:20.0431618083935064,_cx0:20.0287219186912857,_cy0:19.9193192416891982,_cz0:20.0356027031948791
instability_lp:0.0000004768371582,Pred:1,_px0:21.7072522147545826,_py0:21.7858946426193683,_pz0:19.9356326801868313,_px1:22.0546389742263784,_py1:21.4040165024455717,_pz1:19.9772416862087532,_px2:21.9559013889152084,_py2:21.3703505950469292,_pz2:19.9127739688441032,_cx0:19.9386066445329249,_cy0:20.0733773119623677,_cz0:20.0197307036815815
instability_lp:0.0000001982177524,Pred:1,_px0:21.8489095307602135,_py0:21.8074298041395060,_pz0:20.0883002614547976,_px1:22.1077803794051420,_py1:21.4814472045756162,_pz1:20.0692614301896022,_px2:21.9697894606784843,_py2:21.5091415857100614,_pz2:20.0268509429538852,_cx0:19.9027588351642493,_cy0:19.9936666313994991,_cz0:19.9780434868661878
instability_lp:0.0000000915881704,Pred:1,_px0:21.6795331205099480,_py0:21.8483015707406700,_pz0:19.9852477880591763,_px1:22.0152441143315478,_py1:21.4728625564802726,_pz1:19.9183495150033139,_px2:21.9880054867956787,_py2:21.3653756332981288,_pz2:20.0714153733902698,_cx0:19.9210098485560181,_cy0:19.9161053808480979,_cz0:20.0323085529414513
instability_lp:0.0000007970491231,Pred:0,_px0:21.8281529383352755,_py0:21.7045495568749232,_pz0:20.0362672446930183,_px1:21.9923627182060670,_py1:21.5479670118857030,_pz1:19.9982095927457380,_px2:22.0244729100095427,_py2:21.3696960986078217,_pz2:19.9261567040468357,_cx0:20.0943467834938083,_cy0:19.9043414502424838,_cz0:20.0925147209281647
instability_lp:0.0000006089561202,Pred:2,_px0:21.8030534881600424,_py0:21.7830173508604119,_pz0:19.9541084813206027,_px1:22.0666432374653603,_py1:21.3638817562180954,_pz1:20.0356142273804245,_px2:22.0014873845695931,_py2:21.5580759082353133,_pz2:19.9664411777939819,_cx0:20.0308453467352514,_cy0:20.0169913711571112,_cz0:19.9133775765138559
instability_lp:0.0000000437411254,Pred:2,_px0:21.7827422923747172,_py0:21.6704697784783633,_pz0:19.9714413442050294,_px1:22.1157291889915868,_py1:21.3827836551250812,_pz1:19.9045867099448017,_px2:22.0930219025970551,_py2:21.4192898027316154,_pz2:19.9759184326398724,_cx0:19.9043542594669169,_cy0:20.0814762829716678,_cz0:19.9158978482782345
instability_lp:0.0000002228406246,Pred:0,_px0:21.7474854920233973,_py0:21.7491822203803729,_pz0:20.0122248850354119,_px1:22.0241957555823937,_py1:21.3928399218771794,_pz1:20.0817448480901071,_px2:21.9936393869266098,_py2:21.4619746099142255,_pz2:19.9309977527852134,_cx0:20.0262675613752883,_cy0:19.9361318241973073,_cz0:19.9961213288345014
instability_lp:0.0000000263363731,Pred:2,_px0:21.7526558238280252,_py0:21.7129516855827305,_pz0:19.9249717204016505,_px1:22.0502454560670280,_py1:21.4360804005321484,_pz1:20.0863109999272567,_px2:22.0109715745090355,_py2:21.4906013737482056,_pz2:20.0911075149621396,_cx0:19.9921055902224509,_cy0:19.9975490727916139,_cz0:20.0596942696532672
instability_lp:0.0000000308138071,Pred:2,_px0:21.7028810241226466,_py0:21.7770158781050789,_pz0:20.0632324447684134,_px1:21.9945577232328056,_py1:21.3747010640309654,_pz1:20.0444517419414829,_px2:21.9404345889484667,_py2:21.5140309615219181,_pz2:19.9006478623490075,_cx0:19.9519894833918592,_cy0:19.9333159506476072,_cz0:20.0157000643739948
instability_lp:0.0000010007448399,Pred:1,_px0:21.8405587201614679,_py0:21.7574615096894384,_pz0:20.0424391579546217,_px1:22.1125383356365113,_py1:21.3986861879558710,_pz1:19.9748631103312881,_px2:21.9969302673064782,_py2:21.4629829213875283,_pz2:20.0051660803636366,_cx0:19.9058151962262642,_cy0:19.9845061432963718,_cz0:20.0976910208341160
instability_lp:0.0000004001454488,Pred:2,_px0:21.8649785910523420,_py0:21.7039313179412510,_pz0:19.9910312185487840,_px1:22.0170023494665514,_py1:21.4326222877728867,_pz1:20.0963987419364969,_px2:22.0734881185523655,_py2:21.4523172411007437,_pz2:20.0415906917031812,_cx0:20.0266762916588590,_cy0:19.9759763603452463,_cz0:20.0593996853378620
instability_lp:0.0000000845781241,Pred:2,_px0:21.6856070966346195,_py0:21.8172311638981249,_pz0:20.0771975757448011,_px1:22.0372720306167729,_py1:21.4901300844783592,_pz1:19.9114240421035440,_px2:22.0419982815543172,_py2:21.4819059510724202,_pz2:19.9001313371584416,_cx0:19.9725302961061395,_cy0:20.0344261617094404,_cz0:20.0977114146564695
instability_lp:0.0000005682252322,Pred:1,_px0:21.8372539499435838,_py0:21.7915908070661075,_pz0:20.0861677172529376,_px1:22.0682017141525648,_py1:21.5118992590494003,_pz1:19.9493040910220252,_px2:22.0780598000241710,_py2:21.4515522315965761,_pz2:20.0680990030840505,_cx0:19.9102430749732271,_cy0:20.0092956445688834,_cz0:19.9136887868930046
instability_lp:0.0000000164219514,Pred:1,_px0:21.6895417963990660,_py0:21.7218572754468084,_pz0:19.9087200767401207,_px1:21.9527265841107457,_py1:21.5385099305112462,_pz1:20.0769706291970671,_px2:21.9494579506057583,_py2:21.5476218866499281,_pz2:19.9160790966898560,_cx0:19.9502468265827027,_cy0:20.0418569983643735,_cz0:20.0666581434042470
instability_lp:0.0000002212370824,Pred:2,_px0:21.6991354968348205,_py0:21.7345054785835110,_pz0:19.9346006634806265,_px1:21.9310346249356094,_py1:21.3960113320108540,_pz1:20.0805441664441240,_px2:21.9275942626258313,_py2:21.4866668187112886,_pz2:19.9741367211910585,_cx0:19.9639456274285649,_cy0:19.9118821035194564,_cz0:19.9977189871937604
instability_lp:0.0000004772483431,Pred:1,_px0:21.8275555850554071,_py0:21.7197120660961183,_pz0:20.0004356490915818,_px1:21.9921528326497189,_py1:21.5055423000946391,_pz1:20.0863198982487994,_px2:22.0159597276970551,_py2:21.4934738111744998,_pz2:19.9722050268539242,_cx0:19.9030268835849249,_cy0:20.0408797210738427,_cz0:19.9750146765611198
instability_lp:0.0000010596136519,Pred:0,_px0:21.7339243782795606,_py0:21.8080040776627158,_pz0:19.9689571105264854,_px1:22.0836544198559857,_py1:21.4420674817459975,_pz1:20.0895600505124605,_px2:22.0537279544834632,_py2:21.5044295880125986,_pz2:19.9295257098178951,_cx0:19.9935824140410787,_cy0:20.0132568236036477,_cz0:19.9782480984359267
instability_lp:0.0000002958151972,Pred:2,_px0:21.8686270346672416,_py0:21.7975897079741543,_pz0:20.0737650093500335,_px1:21.9705916540746529,_py1:21.4370995559529867,_pz1:19.9417006119348557,_px2:22.1119056770354092,_py2:21.4993384840988284,_pz2:19.9481142062917876,_cx0:19.9682599182558533,_cy0:20.0386418423329680,_cz0:19.9050528822490236
instability_lp:0.0000001005846118,Pred:2,_px0:21.7062616054882582,_py0:21.7672299296861667,_pz0:20.0287197253334881,_px1:22.0250075820204820,_py1:21.4844456057084940,_pz1:19.9224021476797759,_px2:22.0225634665519756,_py2:21.4959636018685849,_pz2:20.0657443938617348,_cx0:19.9104377335917384,_cy0:20.0851825666544883,_cz0:20.0715125379951260
instability_lp:0.0000007101063275,Pred:0,_px0:21.8026433552115435,_py0:21.7830577594568275,_pz0:20.0276493798604456,_px1:22.0641893889308847,_py1:21.5014365610766411,_pz1:19.9901399756270166,_px2:21.9939686757670572,_py2:21.5365884422588145,_pz2:19.9143348022430828,_cx0:20.0804011644704268,_cy0:19.9740320504056434,_cz0:19.9213160197349808
instability_lp:0.0000004768371582,Pred:0,_px0:21.7873664419527024,_py0:21.7953301737482334,_pz0:19.9828417692719214,_px1:21.9497988274273439,_py1:21.5416831988197224,_pz1:20.0976022648613935,_px2:22.0048270540520683,_py2:21.4916378740275462,_pz2:20.0265524574213458,_cx0:20.0429537083687990,_cy0:20.0064359846089204,_cz0:20.0657963312071743
instability_lp:0.0000000000000000,Pred:0,_px0:21.8402207541885893,_py0:21.7970557512189522,_pz0:19.9105613759768012,_px1:21.9864331982221586,_py1:21.4901922495151858,_pz1:20.0451864554291532,_px2:22.0021397004100194,_py2:21.5580569410128824,_pz2:19.9504331978272802,_cx0:20.0164863436093974,_cy0:20.0899719985155265,_cz0:20.0098404010337951
instability_lp:0.0000009223841428,Pred:0,_px0:21.7239374700998589,_py0:21.7337704350351224,_pz0:19.9433844695069737,_px1:21.9758428227230169,_py1:21.5562887858954682,_pz1:19.9812836446246536,_px2:22.0012668004451619,_py2:21.4155614143868718,_pz2:20.0375169289007395,_cx0:19.9427804040921757,_cy0:19.9856754134808092,_cz0:20.0904968184374724
instability_lp:0.0000000296162854,Pred:1,_px0:21.7163270614139385,_py0:21.7346679671782361,_pz0:20.0570102725909152,_px1:21.9302056329186073,_py1:21.4993343953133262,_pz1:19.9546822323718480,_px2:22.0346183544372280,_py2:21.4853866724322486,_pz2:19.9148944784025161,_cx0:19.9084366647565894,_cy0:19.9113662318379454,_cz0:19.9185623139229406
instability_lp:0.0000000000000000,Pred:1,_px0:21.7751620889944775,_py0:21.8179775785226262,_pz0:19.9623349500178975,_px1:22.0817869945065048,_py1:21.5403074597289361,_pz1:19.9926452388487021,_px2:21.9973404471936362,_py2:21.4036147332394577,_pz2:19.9786730720096593,_cx0:20.0680863729529477,_cy0:20.0597004856726642,_cz0:20.0456684034996044
instability_lp:0.0000000000000000,Pred:0,_px0:21.7521780970702778,_py0:21.8068464436087979,_pz0:19.9331555154328939,_px1:21.9422433257951575,_py1:21.5571779895001931,_pz1:19.9106102936019234,_px2:21.9410675897174805,_py2:21.5564777625149517,_pz2:20.0584307486929134,_cx0:19.9612234492139997,_cy0:20.0629045755429694,_cz0:19.9670350469029678
instability_lp:0.0000001523514395,Pred:2,_px0:21.7219825013596477,_py0:21.6833332143599762,_pz0:19.9934069424371259,_px1:22.0716476914061452,_py1:21.4082620625050097,_pz1:20.0039972370043380,_px2:22.0824766695138415,_py2:21.3926357502642261,_pz2:20.0156823645884572,_cx0:19.9258815200188550,_cy0:19.9309991986635140,_cz0:20.0402759727743813
instability_lp:0.0000001086355090,Pred:2,_px0:21.6803610632058046,_py0:21.7700069668982223,_pz0:20.0290226289671942,_px1:22.0603939210532189,_py1:21.3725152055232392,_pz1:19.9264603086870444,_px2:22.1041950970628278,_py2:21.4329487590831462,_pz2:20.0714262058825348,_cx0:19.9946852071651655,_cy0:20.0971372160115926,_cz0:19.9466198271357555
instability_lp:0.0000003154967771,Pred:0,_px0:21.8419027054365280,_py0:21.7106808673593576,_pz0:20.0972856068971062,_px1:22.0627521769622135,_py1:21.4227884996415980,_pz1:20.0606755225736073,_px2:21.9767823675725502,_py2:21.3912125532101882,_pz2:19.9464449679695264,_cx0:19.9816779372662658,_cy0:20.0418624940988899,_cz0:20.0293723981498601
instability_lp:0.0000011350749118,Pred:1,_px0:21.7585827246534542,_py0:21.7906750274266479,_pz0:20.0747667299466066,_px1:21.9884627607783578,_py1:21.5126198711956960,_pz1:19.9233083230551813,_px2:22.1140622405121405,_py2:21.4835814195701786,_pz2:20.0147903130924298,_cx0:19.9023871853958738,_cy0:20.0624401437875086,_cz0:19.9207539441160648
instability_lp:0.0000006959972820,Pred:0,_px0:21.6766215362430650,_py0:21.7502631118708578,_pz0:19.9162414581590497,_px1:22.0135697331528952,_py1:21.4765728220327645,_pz1:19.9240490436665922,_px2:21.9400504903774944,_py2:21.3706323686477866,_pz2:19.9793986041468550,_cx0:19.9551654644567336,_cy0:19.9373706083918769,_cz0:19.9133742160226070
instability_lp:0.0000002720119503,Pred:0,_px0:21.7801794423117201,_py0:21.8140554310307166,_pz0:19.9770803446309095,_px1:21.9590299989092301,_py1:21.5485726695827111,_pz1:19.9176028788171706,_px2:21.9702948890674357,_py2:21.5088501391135409,_pz2:19.9126354270673502,_cx0:20.0137150683969800,_cy0:20.0450672400859489,_cz0:19.9940248454427447
instability_lp:0.0000000022785280,Pred:1,_px0:21.7992882044470342,_py0:21.8666050065106745,_pz0:19.9216994746689195,_px1:22.1089846084588153,_py1:21.5345220227979723,_pz1:20.0358361124693580,_px2:22.0099102669627911,_py2:21.4614536845038906,_pz2:20.0765806558432907,_cx0:20.0898152645629899,_cy0:19.9422744649659265,_cz0:19.9356017073782148
instability_lp:0.0000004310128068,Pred:2,_px0:21.8002510264004812,_py0:21.8601094322978113,_pz0:20.0643054935914975,_px1:22.0169903192003211,_py1:21.4154849424657812,_pz1:20.0413106856594396,_px2:22.0769855818324672,_py2:21.5445378721060905,_pz2:19.9354769746938132,_cx0:19.9441232830491479,_cy0:19.9283219180201741,_cz0:20.0351597084361863
instability_lp:0.0000002453249763,Pred:0,_px0:21.7776257098036012,_py0:21.6777092481812943,_pz0:19.9391732343654944,_px1:22.0525976763538090,_py1:21.5241968081538566,_pz1:19.9938322253962184,_px2:22.0038479888084559,_py2:21.3638688395190357,_pz2:20.0378429405101777,_cx0:19.9802784229071229,_cy0:19.9401304699667392,_cz0:19.9201411128137913
instability_lp:0.0000001579371109,Pred:2,_px0:21.6792633497944394,_py0:21.8651828864380633,_pz0:19.9178889472120844,_px1:22.0927512777656112,_py1:21.3645707186705280,_pz1:19.9776816700015587,_px2:22.0456279662836465,_py2:21.4731828654153212,_pz2:20.0968548974007639,_cx0:19.9636336465662509,_cy0:19.9186601410706778,_cz0:20.0776338983223006
instability_lp:0.0000004306787842,Pred:1,_px0:21.7925692860421591,_py0:21.7284852110866851,_pz0:20.0188534362795068,_px1:22.0699740119790526,_py1:21.3928983100284356,_pz1:20.0361096276604158,_px2:21.9860897131385684,_py2:21.4102221537056501,_pz2:19.9166916366744253,_cx0:19.9740047779278846,_cy0:19.9350514453998997,_cz0:19.9377438554716022
